encoder,query_index,query_label,neighbor_rank,neighbor_index,neighbor_label,cosine_similarity,label_match
Supervised,2698,horse,1,3592,monkey,0.9737752676010132,0
Supervised,2698,horse,2,4003,cat,0.9731378555297852,0
Supervised,2698,horse,3,7134,monkey,0.9691644310951233,0
Supervised,2698,horse,4,4542,horse,0.9675449728965759,1
Supervised,2698,horse,5,1230,bird,0.9629701375961304,0
Rotation SSL,2698,horse,1,1895,deer,0.9638895988464355,0
Rotation SSL,2698,horse,2,1013,deer,0.9617957472801208,0
Rotation SSL,2698,horse,3,2000,monkey,0.9616177678108215,0
Rotation SSL,2698,horse,4,3343,dog,0.9615062475204468,0
Rotation SSL,2698,horse,5,4565,monkey,0.9611776471138,0
SimCLR,2698,horse,1,2586,deer,0.897639274597168,0
SimCLR,2698,horse,2,2286,monkey,0.8866345882415771,0
SimCLR,2698,horse,3,3585,cat,0.8844674229621887,0
SimCLR,2698,horse,4,975,monkey,0.8779390454292297,0
SimCLR,2698,horse,5,7884,dog,0.8744557499885559,0
Supervised,6367,car,1,3849,truck,0.9543637037277222,0
Supervised,6367,car,2,3231,truck,0.954203724861145,0
Supervised,6367,car,3,7037,ship,0.9523988366127014,0
Supervised,6367,car,4,3725,ship,0.9509497284889221,0
Supervised,6367,car,5,4425,ship,0.9507099390029907,0
Rotation SSL,6367,car,1,4476,horse,0.9824023246765137,0
Rotation SSL,6367,car,2,3753,cat,0.9820342659950256,0
Rotation SSL,6367,car,3,4113,dog,0.9812717437744141,0
Rotation SSL,6367,car,4,7709,car,0.9809679985046387,1
Rotation SSL,6367,car,5,3848,horse,0.9808869361877441,0
SimCLR,6367,car,1,7826,car,0.9122668504714966,1
SimCLR,6367,car,2,3422,car,0.9098761677742004,1
SimCLR,6367,car,3,991,car,0.8995857238769531,1
SimCLR,6367,car,4,4785,airplane,0.8921928405761719,0
SimCLR,6367,car,5,5606,car,0.8790432810783386,1
Supervised,1836,truck,1,2669,truck,0.9521196484565735,1
Supervised,1836,truck,2,5129,truck,0.9496009945869446,1
Supervised,1836,truck,3,3602,car,0.9464640021324158,0
Supervised,1836,truck,4,7921,truck,0.944868803024292,1
Supervised,1836,truck,5,2335,ship,0.9433455467224121,0
Rotation SSL,1836,truck,1,2498,ship,0.9917724132537842,0
Rotation SSL,1836,truck,2,3257,truck,0.9905608296394348,1
Rotation SSL,1836,truck,3,5933,truck,0.990044891834259,1
Rotation SSL,1836,truck,4,3970,airplane,0.9900124073028564,0
Rotation SSL,1836,truck,5,3416,airplane,0.989535927772522,0
SimCLR,1836,truck,1,3729,ship,0.9323402047157288,0
SimCLR,1836,truck,2,7053,truck,0.9190580248832703,1
SimCLR,1836,truck,3,4598,truck,0.9121761322021484,1
SimCLR,1836,truck,4,6645,truck,0.9106507301330566,1
SimCLR,1836,truck,5,6649,airplane,0.9105424284934998,0
