elapsed_seconds,throughput_tflops,telemetry
0.052661895751953125,19.777082134656727,"['2026/09/22 22:48:55.454', ' 0', ' 49', ' 30.40', ' 585', ' 5000']"
5.093165636062622,20.1014636522231,"['2026/09/22 22:49:00.499', ' 0', ' 49', ' 29.81', ' 585', ' 5000']"
10.13632607460022,20.221162330283363,"['2026/09/22 22:49:05.540', ' 0', ' 49', ' 28.24', ' 585', ' 5000']"
15.180386781692505,20.179472028081847,"['2026/09/22 22:49:10.586', ' 0', ' 49', ' 28.14', ' 585', ' 5000']"
20.221107482910156,20.200841973581,"['2026/09/22 22:49:15.627', ' 0', ' 49', ' 36.79', ' 585', ' 5000']"
25.26327657699585,20.306873933761366,"['2026/09/22 22:49:20.668', ' 6', ' 49', ' 28.14', ' 585', ' 5000']"
30.304847717285156,20.203576911616068,"['2026/09/22 22:49:25.710', ' 0', ' 49', ' 28.14', ' 585', ' 5000']"
35.34613513946533,20.220653599986072,"['2026/09/22 22:49:30.751', ' 0', ' 49', ' 31.09', ' 585', ' 5000']"
40.39304208755493,20.055338427912616,"['2026/09/22 22:49:35.796', ' 0', ' 49', ' 33.13', ' 585', ' 5000']"
45.433743476867676,20.2559504843425,"['2026/09/22 22:49:40.840', ' 0', ' 49', ' 28.14', ' 585', ' 5000']"
50.48061800003052,20.23721683634683,"['2026/09/22 22:49:45.881', ' 0', ' 49', ' 28.14', ' 585', ' 5000']"
55.52216339111328,20.176589586031476,"['2026/09/22 22:49:50.928', ' 6', ' 49', ' 43.92', ' 585', ' 5000']"
60.56452703475952,20.262995377079832,"['2026/09/22 22:49:55.969', ' 0', ' 49', ' 28.14', ' 585', ' 5000']"
65.6087863445282,20.14128218668227,"['2026/09/22 22:50:01.011', ' 0', ' 49', ' 28.14', ' 585', ' 5000']"
70.65141892433167,20.214470557924695,"['2026/09/22 22:50:06.056', ' 0', ' 49', ' 30.90', ' 585', ' 5000']"
75.69477891921997,20.087998713942465,"['2026/09/22 22:50:11.100', ' 0', ' 49', ' 39.82', ' 585', ' 5000']"
80.7383964061737,20.081233396827248,"['2026/09/22 22:50:16.142', ' 0', ' 49', ' 28.14', ' 585', ' 5000']"
85.78223705291748,19.98612615394702,"['2026/09/22 22:50:21.188', ' 0', ' 49', ' 28.14', ' 585', ' 5000']"
90.83127307891846,20.186958965563306,"['2026/09/22 22:50:26.232', ' 6', ' 49', ' 41.08', ' 585', ' 5000']"
95.87958192825317,19.429609042832542,"['2026/09/22 22:50:31.283', ' 0', ' 49', ' 28.14', ' 585', ' 5000']"
100.9207398891449,20.23549761943223,"['2026/09/22 22:50:36.326', ' 0', ' 49', ' 28.14', ' 585', ' 5000']"
105.96471786499023,19.821148748991355,"['2026/09/22 22:50:41.371', ' 0', ' 49', ' 39.23', ' 585', ' 5000']"
111.01510739326477,19.910387143169913,"['2026/09/22 22:50:46.415', ' 0', ' 49', ' 28.14', ' 585', ' 5000']"
116.06556177139282,19.439986290265544,"['2026/09/22 22:50:51.467', ' 0', ' 49', ' 28.14', ' 585', ' 5000']"
121.10771012306213,20.171919586343474,"['2026/09/22 22:50:56.513', ' 6', ' 49', ' 38.94', ' 585', ' 5000']"
126.14837837219238,20.03344863208041,"['2026/09/22 22:51:01.554', ' 0', ' 49', ' 28.14', ' 585', ' 5000']"
131.1977241039276,20.11317750579212,"['2026/09/22 22:51:06.599', ' 0', ' 49', ' 28.14', ' 585', ' 5000']"
136.23944854736328,20.17824548230827,"['2026/09/22 22:51:11.645', ' 0', ' 49', ' 31.59', ' 585', ' 5000']"
141.28059649467468,20.226265924044718,"['2026/09/22 22:51:16.686', ' 0', ' 49', ' 43.55', ' 585', ' 5000']"
146.32167172431946,20.214595430138058,"['2026/09/22 22:51:21.727', ' 0', ' 49', ' 28.24', ' 585', ' 5000']"
151.36574625968933,20.028558615176223,"['2026/09/22 22:51:26.769', ' 0', ' 49', ' 28.14', ' 585', ' 5000']"
156.41399836540222,19.978857119343598,"['2026/09/22 22:51:31.817', ' 6', ' 49', ' 33.45', ' 585', ' 5000']"
161.45837354660034,20.27760546426588,"['2026/09/22 22:51:36.861', ' 0', ' 49', ' 28.14', ' 585', ' 5000']"
166.4995653629303,20.20446199059567,"['2026/09/22 22:51:41.905', ' 0', ' 49', ' 28.14', ' 585', ' 5000']"
171.54141497612,20.208208098916923,"['2026/09/22 22:51:46.946', ' 0', ' 49', ' 31.19', ' 585', ' 5000']"
176.5866458415985,20.224313458298223,"['2026/09/22 22:51:51.988', ' 0', ' 49', ' 32.28', ' 585', ' 5000']"
181.6281487941742,20.168838038201365,"['2026/09/22 22:51:57.034', ' 0', ' 49', ' 28.14', ' 585', ' 5000']"
186.67255067825317,20.26332997440179,"['2026/09/22 22:52:02.075', ' 0', ' 49', ' 28.24', ' 585', ' 5000']"
191.71781992912292,19.899645812967712,"['2026/09/22 22:52:07.123', ' 5', ' 49', ' 40.69', ' 585', ' 5000']"
196.76044464111328,20.243318390694085,"['2026/09/22 22:52:12.165', ' 0', ' 49', ' 28.24', ' 585', ' 5000']"
201.80436849594116,20.235363550740864,"['2026/09/22 22:52:17.207', ' 0', ' 49', ' 28.24', ' 585', ' 5000']"
206.8499391078949,20.21620701889936,"['2026/09/22 22:52:22.251', ' 0', ' 49', ' 30.70', ' 585', ' 5000']"
211.89158082008362,20.30690393763254,"['2026/09/22 22:52:27.297', ' 0', ' 49', ' 29.51', ' 585', ' 5000']"
216.9360375404358,20.228659399823517,"['2026/09/22 22:52:32.338', ' 0', ' 49', ' 28.14', ' 585', ' 5000']"
221.9800055027008,20.258882523687472,"['2026/09/22 22:52:37.383', ' 0', ' 49', ' 28.14', ' 585', ' 5000']"
227.02994108200073,20.06670265263903,"['2026/09/22 22:52:42.432', ' 0', ' 49', ' 43.13', ' 585', ' 5000']"
232.07456493377686,20.224242033499884,"['2026/09/22 22:52:47.477', ' 0', ' 49', ' 28.14', ' 585', ' 5000']"
237.11665105819702,19.93423761451851,"['2026/09/22 22:52:52.522', ' 0', ' 49', ' 28.14', ' 585', ' 5000']"
242.15917301177979,20.161021465193787,"['2026/09/22 22:52:57.564', ' 0', ' 49', ' 41.48', ' 585', ' 5000']"
247.20657515525818,20.187694324623806,"['2026/09/22 22:53:02.607', ' 0', ' 49', ' 28.14', ' 585', ' 5000']"
252.2481987476349,20.21576692854348,"['2026/09/22 22:53:07.654', ' 0', ' 49', ' 28.14', ' 585', ' 5000']"
257.29156732559204,20.26415755317175,"['2026/09/22 22:53:12.695', ' 4', ' 49', ' 34.83', ' 585', ' 5000']"
262.3387362957001,19.714155969499107,"['2026/09/22 22:53:17.743', ' 0', ' 49', ' 28.24', ' 585', ' 5000']"
267.3846800327301,20.24703418178185,"['2026/09/22 22:53:22.786', ' 0', ' 49', ' 28.14', ' 585', ' 5000']"
272.42775535583496,20.16949215962724,"['2026/09/22 22:53:27.832', ' 0', ' 49', ' 30.80', ' 585', ' 5000']"
277.4700584411621,20.186920419725734,"['2026/09/22 22:53:32.875', ' 0', ' 49', ' 37.55', ' 585', ' 5000']"
282.5129063129425,20.25757165989181,"['2026/09/22 22:53:37.917', ' 0', ' 49', ' 28.14', ' 585', ' 5000']"
287.5587956905365,20.27232343237096,"['2026/09/22 22:53:42.960', ' 0', ' 49', ' 28.14', ' 585', ' 5000']"
292.5999412536621,20.261343464211492,"['2026/09/22 22:53:48.006', ' 0', ' 49', ' 39.53', ' 585', ' 5000']"
297.6454336643219,20.307618055660573,"['2026/09/22 22:53:53.047', ' 0', ' 49', ' 28.14', ' 585', ' 5000']"
302.6870074272156,20.07281906863276,"['2026/09/22 22:53:58.093', ' 0', ' 49', ' 28.14', ' 585', ' 5000']"
307.7341272830963,20.04537568321184,"['2026/09/22 22:54:03.136', ' 0', ' 49', ' 32.67', ' 585', ' 5000']"
312.775671005249,20.282659768854984,"['2026/09/22 22:54:08.181', ' 0', ' 49', ' 28.14', ' 585', ' 5000']"
317.82479786872864,20.05119827001297,"['2026/09/22 22:54:13.226', ' 0', ' 49', ' 28.14', ' 585', ' 5000']"
322.8664436340332,20.155702443219003,"['2026/09/22 22:54:18.272', ' 3', ' 49', ' 32.08', ' 585', ' 5000']"
327.9101810455322,20.2130762527864,"['2026/09/22 22:54:23.313', ' 0', ' 49', ' 28.23', ' 585', ' 5000']"
332.9519097805023,20.231666932158614,"['2026/09/22 22:54:28.357', ' 0', ' 49', ' 28.24', ' 585', ' 5000']"
337.994366645813,20.15019419809317,"['2026/09/22 22:54:33.399', ' 0', ' 49', ' 28.24', ' 585', ' 5000']"
343.0423493385315,20.06133078590803,"['2026/09/22 22:54:38.445', ' 0', ' 49', ' 32.56', ' 585', ' 5000']"
348.08658480644226,20.205537257969617,"['2026/09/22 22:54:43.491', ' 0', ' 49', ' 28.14', ' 585', ' 5000']"
353.1294479370117,20.211114443698474,"['2026/09/22 22:54:48.533', ' 0', ' 49', ' 28.14', ' 585', ' 5000']"
358.17456674575806,20.22144794448279,"['2026/09/22 22:54:53.576', ' 0', ' 49', ' 31.98', ' 585', ' 5000']"
363.21630859375,20.213709463142052,"['2026/09/22 22:54:58.621', ' 0', ' 49', ' 28.14', ' 585', ' 5000']"
368.26095747947693,20.207135518551798,"['2026/09/22 22:55:03.663', ' 0', ' 49', ' 28.24', ' 585', ' 5000']"
373.30305099487305,20.262433756343125,"['2026/09/22 22:55:08.708', ' 0', ' 49', ' 28.14', ' 585', ' 5000']"
378.3478374481201,20.011408434837517,"['2026/09/22 22:55:13.753', ' 0', ' 49', ' 41.87', ' 585', ' 5000']"
383.3940808773041,20.228909496857653,"['2026/09/22 22:55:18.794', ' 0', ' 49', ' 28.14', ' 585', ' 5000']"
388.43514370918274,20.26249947631389,"['2026/09/22 22:55:23.841', ' 6', ' 49', ' 28.14', ' 585', ' 5000']"
393.48226284980774,20.214937350987906,"['2026/09/22 22:55:28.883', ' 0', ' 49', ' 35.21', ' 585', ' 5000']"
398.52393198013306,19.943968612026666,"['2026/09/22 22:55:33.930', ' 0', ' 49', ' 28.24', ' 585', ' 5000']"
403.567684173584,20.286201376931853,"['2026/09/22 22:55:38.971', ' 0', ' 49', ' 28.23', ' 585', ' 5000']"
408.6126778125763,20.1296918397379,"['2026/09/22 22:55:44.015', ' 0', ' 49', ' 28.24', ' 585', ' 5000']"
413.6536023616791,20.14740576303967,"['2026/09/22 22:55:49.059', ' 0', ' 49', ' 44.11', ' 585', ' 5000']"
418.69442105293274,20.21560041296539,"['2026/09/22 22:55:54.100', ' 0', ' 49', ' 28.14', ' 585', ' 5000']"
423.74425530433655,20.174300216494142,"['2026/09/22 22:55:59.144', ' 6', ' 49', ' 28.14', ' 585', ' 5000']"
428.78627371788025,20.210255528893033,"['2026/09/22 22:56:04.192', ' 0', ' 49', ' 37.36', ' 585', ' 5000']"
433.82928705215454,20.195516759840004,"['2026/09/22 22:56:09.233', ' 0', ' 49', ' 28.14', ' 585', ' 5000']"
438.8714077472687,20.202080176100754,"['2026/09/22 22:56:14.277', ' 0', ' 49', ' 28.14', ' 585', ' 5000']"
443.9127757549286,20.23687416140571,"['2026/09/22 22:56:19.318', ' 0', ' 49', ' 31.69', ' 585', ' 5000']"
448.9577338695526,20.186929314750376,"['2026/09/22 22:56:24.360', ' 0', ' 49', ' 28.23', ' 585', ' 5000']"
453.999986410141,20.1982324460341,"['2026/09/22 22:56:29.405', ' 6', ' 49', ' 28.14', ' 585', ' 5000']"
459.0476815700531,20.11765543692981,"['2026/09/22 22:56:34.450', ' 0', ' 49', ' 28.14', ' 585', ' 5000']"
464.08868980407715,20.02198785755709,"['2026/09/22 22:56:39.494', ' 0', ' 49', ' 39.80', ' 585', ' 5000']"
469.130916595459,20.17695095690742,"['2026/09/22 22:56:44.535', ' 0', ' 49', ' 28.14', ' 585', ' 5000']"
474.17833042144775,20.243208070841153,"['2026/09/22 22:56:49.579', ' 0', ' 49', ' 28.24', ' 585', ' 5000']"
479.2244200706482,20.200542096112144,"['2026/09/22 22:56:54.629', ' 0', ' 49', ' 32.77', ' 585', ' 5000']"
484.26924896240234,20.180595010878832,"['2026/09/22 22:56:59.671', ' 0', ' 49', ' 28.14', ' 585', ' 5000']"
489.31053829193115,20.053600230835443,"['2026/09/22 22:57:04.716', ' 6', ' 49', ' 28.24', ' 585', ' 5000']"
494.35860562324524,19.951108013864395,"['2026/09/22 22:57:09.762', ' 0', ' 49', ' 31.39', ' 585', ' 5000']"
499.40097284317017,20.14028753027675,"['2026/09/22 22:57:14.806', ' 0', ' 49', ' 28.14', ' 585', ' 5000']"
504.4470760822296,20.20797634098944,"['2026/09/22 22:57:19.848', ' 0', ' 49', ' 28.14', ' 585', ' 5000']"
509.489581823349,20.216088073935378,"['2026/09/22 22:57:24.894', ' 0', ' 49', ' 30.99', ' 585', ' 5000']"
514.5360269546509,20.08180849221165,"['2026/09/22 22:57:29.937', ' 0', ' 49', ' 32.16', ' 585', ' 5000']"
519.5777938365936,20.249343073359153,"['2026/09/22 22:57:34.983', ' 6', ' 49', ' 28.14', ' 585', ' 5000']"
524.6236481666565,20.237610180999486,"['2026/09/22 22:57:40.025', ' 0', ' 49', ' 28.14', ' 585', ' 5000']"
529.672191619873,19.72205148117029,"['2026/09/22 22:57:45.074', ' 0', ' 49', ' 37.87', ' 585', ' 5000']"
534.7169449329376,20.266954493215728,"['2026/09/22 22:57:50.119', ' 0', ' 49', ' 28.24', ' 585', ' 5000']"
539.7602119445801,20.07687431073803,"['2026/09/22 22:57:55.164', ' 0', ' 49', ' 28.24', ' 585', ' 5000']"
544.8052668571472,20.188489046777995,"['2026/09/22 22:58:00.208', ' 0', ' 49', ' 37.38', ' 585', ' 5000']"
549.8468370437622,20.227275044183788,"['2026/09/22 22:58:05.252', ' 6', ' 49', ' 28.14', ' 585', ' 5000']"
554.8909494876862,20.126437497051715,"['2026/09/22 22:58:10.294', ' 0', ' 49', ' 28.14', ' 585', ' 5000']"
559.9370667934418,20.23513116953362,"['2026/09/22 22:58:15.342', ' 0', ' 49', ' 33.35', ' 585', ' 5000']"
564.9796841144562,20.246318353227444,"['2026/09/22 22:58:20.384', ' 0', ' 49', ' 28.14', ' 585', ' 5000']"
570.0202867984772,20.233328902906845,"['2026/09/22 22:58:25.426', ' 0', ' 49', ' 28.14', ' 585', ' 5000']"
575.0648348331451,20.021532849471125,"['2026/09/22 22:58:30.470', ' 0', ' 49', ' 30.90', ' 585', ' 5000']"
580.1088182926178,20.033022302947405,"['2026/09/22 22:58:35.512', ' 0', ' 49', ' 28.14', ' 585', ' 5000']"
585.1494987010956,20.093775585884522,"['2026/09/22 22:58:40.556', ' 3', ' 49', ' 28.14', ' 585', ' 5000']"
590.19185090065,20.211456246460894,"['2026/09/22 22:58:45.597', ' 0', ' 49', ' 28.24', ' 585', ' 5000']"
595.233823299408,20.241932028009426,"['2026/09/22 22:58:50.639', ' 0', ' 49', ' 40.79', ' 585', ' 5000']"
600.2756636142731,20.212463889010124,"['2026/09/22 22:58:55.681', ' 0', ' 49', ' 28.14', ' 585', ' 5000']"
605.316921710968,20.081189385625677,"['2026/09/22 22:59:00.723', ' 0', ' 49', ' 28.24', ' 585', ' 5000']"
610.368013381958,20.108775120798562,"['2026/09/22 22:59:05.767', ' 0', ' 49', ' 28.24', ' 585', ' 5000']"
615.4106953144073,20.25894822028431,"['2026/09/22 22:59:10.815', ' 0', ' 49', ' 28.14', ' 585', ' 5000']"
620.4547364711761,20.012993615657603,"['2026/09/22 22:59:15.857', ' 1', ' 49', ' 28.14', ' 585', ' 5000']"
625.49569439888,20.218654627396237,"['2026/09/22 22:59:20.902', ' 0', ' 49', ' 28.14', ' 585', ' 5000']"
630.5408596992493,20.175324889727815,"['2026/09/22 22:59:25.943', ' 0', ' 49', ' 43.33', ' 585', ' 5000']"
635.5816440582275,20.19934861224238,"['2026/09/22 22:59:30.987', ' 0', ' 49', ' 28.24', ' 585', ' 5000']"
640.6245136260986,20.194682909156903,"['2026/09/22 22:59:36.029', ' 0', ' 49', ' 28.14', ' 585', ' 5000']"
645.6694979667664,20.093696267406937,"['2026/09/22 22:59:41.075', ' 0', ' 49', ' 34.34', ' 585', ' 5000']"
650.7108597755432,20.083261045954583,"['2026/09/22 22:59:46.117', ' 6', ' 49', ' 28.14', ' 585', ' 5000']"
655.7549917697906,20.283405110256435,"['2026/09/22 22:59:51.158', ' 0', ' 49', ' 28.14', ' 585', ' 5000']"
660.796924829483,20.14347549903858,"['2026/09/22 22:59:56.202', ' 0', ' 49', ' 31.09', ' 585', ' 5000']"
665.8393831253052,20.253902740802783,"['2026/09/22 23:00:01.244', ' 0', ' 49', ' 36.41', ' 585', ' 5000']"
670.8858373165131,20.172150518633657,"['2026/09/22 23:00:06.287', ' 0', ' 49', ' 28.24', ' 585', ' 5000']"
675.9278256893158,20.15673409583831,"['2026/09/22 23:00:11.332', ' 0', ' 49', ' 28.24', ' 585', ' 5000']"
680.9685335159302,20.223783737480925,"['2026/09/22 23:00:16.374', ' 0', ' 49', ' 33.25', ' 585', ' 5000']"
686.0120372772217,20.210207978140424,"['2026/09/22 23:00:21.416', ' 6', ' 49', ' 28.14', ' 585', ' 5000']"
691.0595564842224,19.985977931283845,"['2026/09/22 23:00:26.461', ' 0', ' 49', ' 28.24', ' 585', ' 5000']"
696.1024158000946,20.172117950645703,"['2026/09/22 23:00:31.507', ' 0', ' 49', ' 31.09', ' 585', ' 5000']"
701.1442739963531,20.23222089229633,"['2026/09/22 23:00:36.549', ' 0', ' 49', ' 31.27', ' 585', ' 5000']"
706.1873645782471,20.218595140168468,"['2026/09/22 23:00:41.593', ' 0', ' 49', ' 28.14', ' 585', ' 5000']"
711.2320139408112,20.252240372820374,"['2026/09/22 23:00:46.634', ' 0', ' 49', ' 28.14', ' 585', ' 5000']"
716.279105424881,20.232718290900003,"['2026/09/22 23:00:51.683', ' 6', ' 49', ' 41.87', ' 585', ' 5000']"
721.3222234249115,20.26477305325927,"['2026/09/22 23:00:56.726', ' 0', ' 49', ' 28.24', ' 585', ' 5000']"
726.3706269264221,20.071672872170485,"['2026/09/22 23:01:01.773', ' 0', ' 49', ' 28.24', ' 585', ' 5000']"
731.4140472412109,20.13823064600985,"['2026/09/22 23:01:06.819', ' 0', ' 49', ' 39.03', ' 585', ' 5000']"
736.4553816318512,20.29884209372398,"['2026/09/22 23:01:11.861', ' 0', ' 49', ' 28.24', ' 585', ' 5000']"
741.4967555999756,20.14295000469919,"['2026/09/22 23:01:16.903', ' 0', ' 49', ' 28.24', ' 585', ' 5000']"
746.5381441116333,20.19198597591498,"['2026/09/22 23:01:21.944', ' 0', ' 49', ' 28.23', ' 585', ' 5000']"
751.5830340385437,20.18785741517359,"['2026/09/22 23:01:26.985', ' 6', ' 49', ' 42.76', ' 585', ' 5000']"
756.6242988109589,20.16451184286972,"['2026/09/22 23:01:32.030', ' 0', ' 49', ' 28.14', ' 585', ' 5000']"
761.6711139678955,20.14349911713401,"['2026/09/22 23:01:37.076', ' 0', ' 49', ' 28.14', ' 585', ' 5000']"
766.711882352829,20.256037059996856,"['2026/09/22 23:01:42.118', ' 0', ' 49', ' 37.38', ' 585', ' 5000']"
771.7546689510345,20.27195265677586,"['2026/09/22 23:01:47.159', ' 0', ' 49', ' 28.14', ' 585', ' 5000']"
776.8001580238342,20.179525359644,"['2026/09/22 23:01:52.204', ' 0', ' 49', ' 28.14', ' 585', ' 5000']"
781.8424360752106,20.270945053115557,"['2026/09/22 23:01:57.247', ' 0', ' 49', ' 31.09', ' 585', ' 5000']"
786.8857553005219,20.165644996547346,"['2026/09/22 23:02:02.289', ' 6', ' 49', ' 34.34', ' 585', ' 5000']"
791.927013874054,20.13474051081122,"['2026/09/22 23:02:07.333', ' 0', ' 49', ' 28.14', ' 585', ' 5000']"
796.9913759231567,19.861926975786382,"['2026/09/22 23:02:12.389', ' 0', ' 49', ' 29.21', ' 585', ' 5000']"
802.0412640571594,20.13573756903889,"['2026/09/22 23:02:17.439', ' 0', ' 49', ' 28.24', ' 585', ' 5000']"
807.0870110988617,19.993170713168386,"['2026/09/22 23:02:22.491', ' 0', ' 49', ' 28.24', ' 585', ' 5000']"
812.1345391273499,20.19089731943467,"['2026/09/22 23:02:27.536', ' 0', ' 49', ' 28.24', ' 585', ' 5000']"
817.1777012348175,20.191357091790074,"['2026/09/22 23:02:32.582', ' 4', ' 50', ' 36.96', ' 585', ' 5000']"
822.2213363647461,20.0373915785686,"['2026/09/22 23:02:37.625', ' 0', ' 50', ' 28.14', ' 585', ' 5000']"
827.2658076286316,20.175952774875775,"['2026/09/22 23:02:42.669', ' 0', ' 49', ' 28.14', ' 585', ' 5000']"
832.3078694343567,20.226548705775187,"['2026/09/22 23:02:47.713', ' 0', ' 49', ' 38.34', ' 585', ' 5000']"
837.3515620231628,20.22888270104341,"['2026/09/22 23:02:52.755', ' 0', ' 49', ' 28.14', ' 585', ' 5000']"
842.3979215621948,20.076214452868122,"['2026/09/22 23:02:57.802', ' 0', ' 49', ' 28.14', ' 585', ' 5000']"
847.4453349113464,20.24728473405661,"['2026/09/22 23:03:02.846', ' 6', ' 49', ' 33.25', ' 585', ' 5000']"
852.4881401062012,20.191045631310292,"['2026/09/22 23:03:07.893', ' 0', ' 49', ' 28.14', ' 585', ' 5000']"
857.5360748767853,20.19118504523255,"['2026/09/22 23:03:12.935', ' 0', ' 49', ' 28.16', ' 585', ' 5000']"
862.578376531601,20.241624966824084,"['2026/09/22 23:03:17.984', ' 0', ' 49', ' 32.28', ' 585', ' 5000']"
867.6262166500092,19.46892293066327,"['2026/09/22 23:03:23.026', ' 0', ' 50', ' 28.14', ' 585', ' 5000']"
872.6723175048828,20.100402372870313,"['2026/09/22 23:03:28.077', ' 0', ' 49', ' 28.24', ' 585', ' 5000']"
877.7226808071136,20.047036427968468,"['2026/09/22 23:03:33.123', ' 0', ' 49', ' 28.24', ' 585', ' 5000']"
882.7650947570801,20.14720788412055,"['2026/09/22 23:03:38.170', ' 0', ' 49', ' 35.70', ' 585', ' 5000']"
887.8098645210266,20.204055082196767,"['2026/09/22 23:03:43.213', ' 0', ' 49', ' 28.16', ' 585', ' 5000']"
892.8522233963013,20.20074102340847,"['2026/09/22 23:03:48.258', ' 0', ' 49', ' 28.16', ' 585', ' 5000']"
897.895339012146,20.187474897651636,"['2026/09/22 23:03:53.299', ' 0', ' 49', ' 40.42', ' 585', ' 5000']"
902.9390232563019,20.207753501087918,"['2026/09/22 23:03:58.342', ' 0', ' 49', ' 28.16', ' 585', ' 5000']"
907.9813084602356,20.249584732108012,"['2026/09/22 23:04:03.386', ' 0', ' 49', ' 28.16', ' 585', ' 5000']"
913.0330457687378,20.084975037513612,"['2026/09/22 23:04:08.432', ' 6', ' 49', ' 32.67', ' 585', ' 5000']"
918.0755655765533,20.178704678304058,"['2026/09/22 23:04:13.480', ' 0', ' 49', ' 28.14', ' 585', ' 5000']"
923.1201722621918,20.183265189413298,"['2026/09/22 23:04:18.522', ' 0', ' 49', ' 28.14', ' 585', ' 5000']"
928.1614151000977,20.235971342991625,"['2026/09/22 23:04:23.567', ' 0', ' 49', ' 31.98', ' 585', ' 5000']"
933.2083280086517,20.220933250137364,"['2026/09/22 23:04:28.608', ' 0', ' 49', ' 28.26', ' 585', ' 5000']"
938.2489948272705,20.215231710023595,"['2026/09/22 23:04:33.655', ' 0', ' 49', ' 28.26', ' 585', ' 5000']"
943.2917366027832,20.290274407815456,"['2026/09/22 23:04:38.696', ' 0', ' 49', ' 28.26', ' 585', ' 5000']"
948.3435719013214,15.478103898813211,"['2026/09/22 23:04:43.745', ' 0', ' 49', ' 35.82', ' 585', ' 5000']"
953.3847484588623,20.178870586951987,"['2026/09/22 23:04:48.791', ' 0', ' 49', ' 28.16', ' 585', ' 5000']"
958.4286234378815,20.1219998456892,"['2026/09/22 23:04:53.832', ' 0', ' 49', ' 28.14', ' 585', ' 5000']"
963.4703586101532,20.061532837412287,"['2026/09/22 23:04:58.876', ' 0', ' 49', ' 34.06', ' 585', ' 5000']"
968.5137529373169,20.18684925879954,"['2026/09/22 23:05:03.918', ' 0', ' 49', ' 28.16', ' 585', ' 5000']"
973.5590200424194,20.135171180712636,"['2026/09/22 23:05:08.961', ' 0', ' 49', ' 28.16', ' 585', ' 5000']"
978.6016688346863,20.241857497884116,"['2026/09/22 23:05:14.007', ' 5', ' 49', ' 31.29', ' 585', ' 5000']"
983.6496818065643,19.917352425871922,"['2026/09/22 23:05:19.053', ' 0', ' 49', ' 28.16', ' 585', ' 5000']"
988.6920156478882,20.15699424341747,"['2026/09/22 23:05:24.097', ' 0', ' 49', ' 28.14', ' 585', ' 5000']"
993.741518497467,19.98872476560636,"['2026/09/22 23:05:29.143', ' 0', ' 49', ' 28.16', ' 585', ' 5000']"
998.7828817367554,20.121946817756452,"['2026/09/22 23:05:34.189', ' 0', ' 49', ' 34.12', ' 585', ' 5000']"
1003.8272857666016,20.22300111293564,"['2026/09/22 23:05:39.230', ' 0', ' 49', ' 28.26', ' 585', ' 5000']"
1008.8745839595795,20.188877534570256,"['2026/09/22 23:05:44.275', ' 0', ' 49', ' 28.14', ' 585', ' 5000']"
1013.9156558513641,20.165911291193876,"['2026/09/22 23:05:49.321', ' 0', ' 49', ' 33.56', ' 585', ' 5000']"
1018.9597210884094,20.212954371324294,"['2026/09/22 23:05:54.362', ' 0', ' 49', ' 28.16', ' 585', ' 5000']"
1024.0012123584747,20.09269749344773,"['2026/09/22 23:05:59.407', ' 0', ' 49', ' 28.14', ' 585', ' 5000']"
1029.0492911338806,19.89353368008299,"['2026/09/22 23:06:04.452', ' 0', ' 49', ' 30.52', ' 585', ' 5000']"
1034.0914347171783,20.23183669039925,"['2026/09/22 23:06:09.496', ' 0', ' 49', ' 28.14', ' 585', ' 5000']"
1039.133759021759,20.172295593841568,"['2026/09/22 23:06:14.538', ' 0', ' 49', ' 28.14', ' 585', ' 5000']"
1044.1802010536194,20.130688398337796,"['2026/09/22 23:06:19.583', ' 6', ' 49', ' 28.14', ' 585', ' 5000']"
1049.2230110168457,20.21196451406621,"['2026/09/22 23:06:24.628', ' 0', ' 49', ' 39.63', ' 585', ' 5000']"
1054.2658376693726,20.27990038725798,"['2026/09/22 23:06:29.670', ' 0', ' 49', ' 28.24', ' 585', ' 5000']"
1059.3084471225739,20.199880021561693,"['2026/09/22 23:06:34.713', ' 0', ' 49', ' 28.16', ' 585', ' 5000']"
1064.3532264232635,20.08694766300154,"['2026/09/22 23:06:39.758', ' 0', ' 49', ' 32.67', ' 585', ' 5000']"
1069.399557352066,20.077396362421908,"['2026/09/22 23:06:44.801', ' 0', ' 49', ' 28.24', ' 585', ' 5000']"
1074.442566394806,20.187961201931277,"['2026/09/22 23:06:49.847', ' 0', ' 49', ' 28.24', ' 585', ' 5000']"
1079.4853212833405,20.12131345213792,"['2026/09/22 23:06:54.890', ' 2', ' 49', ' 28.26', ' 585', ' 5000']"
1084.5320262908936,19.948797137177518,"['2026/09/22 23:06:59.933', ' 0', ' 49', ' 42.39', ' 585', ' 5000']"
1089.574355840683,20.19633880895715,"['2026/09/22 23:07:04.979', ' 0', ' 49', ' 28.16', ' 585', ' 5000']"
1094.6202368736267,20.071839957418863,"['2026/09/22 23:07:10.022', ' 0', ' 49', ' 28.16', ' 585', ' 5000']"
1099.6640923023224,20.02295627767503,"['2026/09/22 23:07:15.069', ' 0', ' 49', ' 35.62', ' 585', ' 5000']"
1104.7125656604767,20.179839428406993,"['2026/09/22 23:07:20.115', ' 0', ' 49', ' 28.16', ' 585', ' 5000']"
1109.7603952884674,20.190482059392636,"['2026/09/22 23:07:25.163', ' 6', ' 49', ' 28.16', ' 585', ' 5000']"
1114.8026537895203,20.07272818861444,"['2026/09/22 23:07:30.207', ' 0', ' 49', ' 36.69', ' 585', ' 5000']"
1119.843789100647,20.180058689422776,"['2026/09/22 23:07:35.249', ' 0', ' 49', ' 28.16', ' 585', ' 5000']"
1124.8887495994568,20.001058485468462,"['2026/09/22 23:07:40.291', ' 0', ' 49', ' 28.16', ' 585', ' 5000']"
1129.9306027889252,20.118965925230707,"['2026/09/22 23:07:45.336', ' 0', ' 49', ' 32.18', ' 585', ' 5000']"
1134.9836766719818,20.003672627205034,"['2026/09/22 23:07:50.381', ' 0', ' 49', ' 28.24', ' 585', ' 5000']"
1140.0256838798523,20.08998955336522,"['2026/09/22 23:07:55.431', ' 6', ' 49', ' 28.26', ' 585', ' 5000']"
1145.0683822631836,20.098477068962556,"['2026/09/22 23:08:00.473', ' 0', ' 49', ' 28.16', ' 585', ' 5000']"
1150.111893415451,20.212740340082593,"['2026/09/22 23:08:05.516', ' 0', ' 49', ' 39.25', ' 585', ' 5000']"
1155.1548144817352,20.176000164236196,"['2026/09/22 23:08:10.560', ' 0', ' 49', ' 28.16', ' 585', ' 5000']"
1160.1995058059692,19.86855105263623,"['2026/09/22 23:08:15.604', ' 0', ' 49', ' 28.14', ' 585', ' 5000']"
1165.2415885925293,20.180722428104247,"['2026/09/22 23:08:20.647', ' 0', ' 49', ' 37.67', ' 585', ' 5000']"
1170.2879111766815,20.1764888784437,"['2026/09/22 23:08:25.689', ' 0', ' 49', ' 28.14', ' 585', ' 5000']"
1175.3295650482178,20.19770112339746,"['2026/09/22 23:08:30.735', ' 2', ' 49', ' 28.16', ' 585', ' 5000']"
1180.3767070770264,20.03877051490798,"['2026/09/22 23:08:35.779', ' 0', ' 49', ' 33.17', ' 585', ' 5000']"
1185.4185457229614,19.90727540416824,"['2026/09/22 23:08:40.824', ' 0', ' 49', ' 28.16', ' 585', ' 5000']"
1190.4671158790588,20.210591359011772,"['2026/09/22 23:08:45.865', ' 0', ' 49', ' 28.14', ' 585', ' 5000']"
1195.509230852127,20.109834341762145,"['2026/09/22 23:08:50.914', ' 0', ' 49', ' 33.35', ' 585', ' 5000']"
