model,epoch,loss,next_token_accuracy
unmasked,1,3.792973518371582,0.04444444552063942
unmasked,2,3.1641414165496826,0.2888889014720917
unmasked,3,2.50402569770813,0.5555555820465088
unmasked,4,1.8561224937438965,0.800000011920929
unmasked,5,1.3412476778030396,0.9111111164093018
unmasked,6,0.9566624164581299,0.9555555582046509
unmasked,7,0.6531020402908325,1.0
unmasked,8,0.43348562717437744,1.0
unmasked,9,0.29023370146751404,1.0
unmasked,10,0.1910434365272522,1.0
unmasked,11,0.12475932389497757,1.0
unmasked,12,0.08476168662309647,1.0
unmasked,13,0.058371830731630325,1.0
unmasked,14,0.04097786545753479,1.0
unmasked,15,0.02996354177594185,1.0
unmasked,16,0.022728919982910156,1.0
unmasked,17,0.017866192385554314,1.0
unmasked,18,0.014054539613425732,1.0
unmasked,19,0.010772638954222202,1.0
unmasked,20,0.008690811693668365,1.0
unmasked,21,0.007204889785498381,1.0
unmasked,22,0.0059619322419166565,1.0
unmasked,23,0.004976267926394939,1.0
unmasked,24,0.0042237164452672005,1.0
unmasked,25,0.0036487500183284283,1.0
unmasked,26,0.0031945640221238136,1.0
unmasked,27,0.0028110421262681484,1.0
unmasked,28,0.0024781355168670416,1.0
unmasked,29,0.002191008534282446,1.0
unmasked,30,0.0019527857657521963,1.0
unmasked,31,0.001761015271767974,1.0
unmasked,32,0.001602067844942212,1.0
unmasked,33,0.00146201578900218,1.0
unmasked,34,0.0013390338281169534,1.0
unmasked,35,0.0012351754121482372,1.0
unmasked,36,0.0011486087460070848,1.0
unmasked,37,0.001075693522579968,1.0
unmasked,38,0.001012924243696034,1.0
unmasked,39,0.0009571592090651393,1.0
unmasked,40,0.0009062354802154005,1.0
unmasked,41,0.000859100604429841,1.0
unmasked,42,0.0008157738484442234,1.0
unmasked,43,0.0007765389163978398,1.0
unmasked,44,0.0007414573337882757,1.0
unmasked,45,0.0007103100651875138,1.0
unmasked,46,0.0006826659664511681,1.0
unmasked,47,0.00065801473101601,1.0
unmasked,48,0.0006356735830195248,1.0
unmasked,49,0.0006151529960334301,1.0
unmasked,50,0.0005962573923170567,1.0
unmasked,51,0.0005788967828266323,1.0
unmasked,52,0.0005631797830574214,1.0
unmasked,53,0.0005489078466780484,1.0
unmasked,54,0.0005359409842640162,1.0
unmasked,55,0.0005240222089923918,1.0
unmasked,56,0.0005128604243509471,1.0
unmasked,57,0.0005023524863645434,1.0
unmasked,58,0.0004923686501570046,1.0
unmasked,59,0.00048290094127878547,1.0
unmasked,60,0.0004739493888337165,1.0
unmasked,61,0.0004655855009332299,1.0
unmasked,62,0.00045778544154018164,1.0
unmasked,63,0.00045052552013657987,1.0
unmasked,64,0.0004438426694832742,1.0
unmasked,65,0.00043760985136032104,1.0
unmasked,66,0.0004317609709687531,1.0
unmasked,67,0.0004263065056875348,1.0
unmasked,68,0.0004211168270558119,1.0
unmasked,69,0.00041615215013734996,1.0
unmasked,70,0.00041145490831695497,1.0
unmasked,71,0.0004069217247888446,1.0
unmasked,72,0.00040265603456646204,1.0
unmasked,73,0.0003986259689554572,1.0
unmasked,74,0.00039475742960348725,1.0
unmasked,75,0.0003910900268238038,1.0
unmasked,76,0.00038757099537178874,1.0
unmasked,77,0.0003841922152787447,1.0
unmasked,78,0.00038097758078947663,1.0
unmasked,79,0.0003778476966544986,1.0
unmasked,80,0.0003748369636014104,1.0
unmasked,81,0.0003719400556292385,1.0
unmasked,82,0.000369146466255188,1.0
unmasked,83,0.00036641902988776565,1.0
unmasked,84,0.0003637710469774902,1.0
unmasked,85,0.00036127128987573087,1.0
unmasked,86,0.00035880066570825875,1.0
unmasked,87,0.00035639890120364726,1.0
unmasked,88,0.00035405540256761014,1.0
unmasked,89,0.000351793976733461,1.0
unmasked,90,0.0003495881683193147,1.0
unmasked,91,0.00034742732532322407,1.0
unmasked,92,0.0003453274257481098,1.0
unmasked,93,0.0003432592493481934,1.0
unmasked,94,0.00034124671947211027,1.0
unmasked,95,0.0003392738872207701,1.0
unmasked,96,0.0003373328363522887,1.0
unmasked,97,0.0003354235668666661,1.0
unmasked,98,0.00033360166708007455,1.0
unmasked,99,0.0003318009548820555,1.0
unmasked,100,0.0003300081589259207,1.0
unmasked,101,0.0003282445250079036,1.0
unmasked,102,0.00032654707320034504,1.0
unmasked,103,0.00032486283453181386,1.0
unmasked,104,0.0003231759765185416,1.0
unmasked,105,0.0003215844335500151,1.0
unmasked,106,0.0003199452185072005,1.0
unmasked,107,0.000318353675538674,1.0
unmasked,108,0.0003168071561958641,1.0
unmasked,109,0.0003152817953377962,1.0
unmasked,110,0.00031378029962070286,1.0
unmasked,111,0.00031229731393978,1.0
unmasked,112,0.00031081962515600026,1.0
unmasked,113,0.0003093790146522224,1.0
unmasked,114,0.0003079436719417572,1.0
unmasked,115,0.0003065427881665528,1.0
unmasked,116,0.00030515779508277774,1.0
unmasked,117,0.0003037859860341996,1.0
unmasked,118,0.0003024195320904255,1.0
unmasked,119,0.0003010848304256797,1.0
unmasked,120,0.0002997686679009348,1.0
unmasked,121,0.00029846045072190464,1.0
unmasked,122,0.00029715485288761556,1.0
unmasked,123,0.0002959101984743029,1.0
unmasked,124,0.0002946549211628735,1.0
unmasked,125,0.0002934022923000157,1.0
unmasked,126,0.00029216823168098927,1.0
unmasked,127,0.0002909473842009902,1.0
unmasked,128,0.00028975564055144787,1.0
unmasked,129,0.00028855333221144974,1.0
unmasked,130,0.0002873934281524271,1.0
unmasked,131,0.0002862255205400288,1.0
unmasked,132,0.0002850893943104893,1.0
unmasked,133,0.00028393210959620774,1.0
unmasked,134,0.00028283571009524167,1.0
unmasked,135,0.0002817128552123904,1.0
unmasked,136,0.00028061913326382637,1.0
unmasked,137,0.00027951213996857405,1.0
unmasked,138,0.0002784289827104658,1.0
unmasked,139,0.00027737230993807316,1.0
unmasked,140,0.0002763315278571099,1.0
unmasked,141,0.00027528280043043196,1.0
unmasked,142,0.00027424731524661183,1.0
unmasked,143,0.0002732118300627917,1.0
unmasked,144,0.0002722213394008577,1.0
unmasked,145,0.0002711911511141807,1.0
unmasked,146,0.00027019274421036243,1.0
unmasked,147,0.00026921284734271467,1.0
unmasked,148,0.0002682382764760405,1.0
unmasked,149,0.0002672742702998221,1.0
unmasked,150,0.0002663129416760057,1.0
unmasked,151,0.0002653595292940736,1.0
unmasked,152,0.0002644299529492855,1.0
unmasked,153,0.0002634924603626132,1.0
unmasked,154,0.00026256818091496825,1.0
unmasked,155,0.0002616571437101811,1.0
unmasked,156,0.00026076994254253805,1.0
unmasked,157,0.00025988538982346654,1.0
unmasked,158,0.00025897170417010784,1.0
unmasked,159,0.0002581109874881804,1.0
unmasked,160,0.0002572502999100834,1.0
unmasked,161,0.0002563816378824413,1.0
unmasked,162,0.0002555208920966834,1.0
unmasked,163,0.0002546707692090422,1.0
unmasked,164,0.0002538074040785432,1.0
unmasked,165,0.0002529625780880451,1.0
unmasked,166,0.0002521415881346911,1.0
unmasked,167,0.0002513020299375057,1.0
unmasked,168,0.00025052076671272516,1.0
unmasked,169,0.0002496944507583976,1.0
unmasked,170,0.00024890259373933077,1.0
unmasked,171,0.0002480948460288346,1.0
unmasked,172,0.0002473162312526256,1.0
unmasked,173,0.0002465402358211577,1.0
unmasked,174,0.00024576953728683293,1.0
unmasked,175,0.00024500416475348175,1.0
unmasked,176,0.00024422816932201385,1.0
unmasked,177,0.00024350517196580768,1.0
unmasked,178,0.00024274506722576916,1.0
unmasked,179,0.0002420061791781336,1.0
unmasked,180,0.0002412593166809529,1.0
unmasked,181,0.00024053362722042948,1.0
unmasked,182,0.00023980533296708018,1.0
unmasked,183,0.00023909554874990135,1.0
unmasked,184,0.00023838314518798143,1.0
unmasked,185,0.00023765215883031487,1.0
unmasked,186,0.0002369529684074223,1.0
unmasked,187,0.0002362697123317048,1.0
unmasked,188,0.0002355625620111823,1.0
unmasked,189,0.00023486072313971817,1.0
unmasked,190,0.00023419861099682748,1.0
unmasked,191,0.00023352858261205256,1.0
unmasked,192,0.00023283465998247266,1.0
unmasked,193,0.0002321778447367251,1.0
unmasked,194,0.000231531637837179,1.0
unmasked,195,0.00023087482259143144,1.0
unmasked,196,0.0002302471548318863,1.0
unmasked,197,0.00022957974579185247,1.0
unmasked,198,0.00022894938592799008,1.0
unmasked,199,0.0002283164212713018,1.0
unmasked,200,0.00022765430912841111,1.0
unmasked,201,0.0002270292752655223,1.0
unmasked,202,0.00022641484974883497,1.0
unmasked,203,0.00022578185598831624,1.0
unmasked,204,0.0002251568075735122,1.0
unmasked,205,0.00022455560974776745,1.0
unmasked,206,0.00022395970881916583,1.0
unmasked,207,0.00022334791719913483,1.0
unmasked,208,0.00022274933871813118,1.0
unmasked,209,0.00022216404613573104,1.0
unmasked,210,0.00022156814520712942,1.0
unmasked,211,0.00022099606576375663,1.0
unmasked,212,0.00022041871852707118,1.0
unmasked,213,0.0002198254514951259,1.0
unmasked,214,0.00021922955056652427,1.0
unmasked,215,0.00021868394105695188,1.0
unmasked,216,0.0002181436721002683,1.0
unmasked,217,0.00021757159265689552,1.0
unmasked,218,0.00021701805235352367,1.0
unmasked,219,0.00021645658125635237,1.0
unmasked,220,0.00021588715026155114,1.0
unmasked,221,0.00021533892140723765,1.0
unmasked,222,0.00021480127179529518,1.0
unmasked,223,0.00021426098828669637,1.0
unmasked,224,0.00021374983771238476,1.0
unmasked,225,0.00021319891675375402,1.0
unmasked,226,0.00021269306307658553,1.0
unmasked,227,0.0002121554280165583,1.0
unmasked,228,0.00021160188771318644,1.0
unmasked,229,0.0002110827772412449,1.0
unmasked,230,0.00021056897821836174,1.0
unmasked,231,0.0002100286801578477,1.0
unmasked,232,0.00020953075727447867,1.0
unmasked,233,0.0002090434281853959,1.0
unmasked,234,0.00020853492605965585,1.0
unmasked,235,0.00020803962252102792,1.0
unmasked,236,0.00020752582349814475,1.0
unmasked,237,0.0002070358459604904,1.0
unmasked,238,0.00020654586842283607,1.0
unmasked,239,0.00020605060853995383,1.0
unmasked,240,0.0002055659278994426,1.0
unmasked,241,0.00020507859881035984,1.0
unmasked,242,0.00020460451196413487,1.0
unmasked,243,0.00020412512822076678,1.0
unmasked,244,0.00020364309602882713,1.0
unmasked,245,0.00020319550822023302,1.0
unmasked,246,0.00020269490778446198,1.0
unmasked,247,0.0002022473345277831,1.0
unmasked,248,0.0002017811784753576,1.0
unmasked,249,0.00020130709162913263,1.0
unmasked,250,0.00020084889547433704,1.0
unmasked,251,0.00020041188690811396,1.0
unmasked,252,0.00019994839385617524,1.0
unmasked,253,0.00019948225235566497,1.0
unmasked,254,0.00019903466454707086,1.0
unmasked,255,0.00019859764142893255,1.0
unmasked,256,0.00019816594431176782,1.0
unmasked,257,0.0001977156789507717,1.0
unmasked,258,0.00019728131883312017,1.0
unmasked,259,0.00019684959261212498,1.0
unmasked,260,0.00019640462414827198,1.0
unmasked,261,0.0001959809014806524,1.0
unmasked,262,0.00019555447215680033,1.0
unmasked,263,0.00019513070583343506,1.0
unmasked,264,0.00019470429106149822,1.0
unmasked,265,0.00019426197104621679,1.0
unmasked,266,0.00019386998610571027,1.0
unmasked,267,0.00019344886823091656,1.0
unmasked,268,0.0001930224389070645,1.0
unmasked,269,0.00019259868713561445,1.0
unmasked,270,0.00019221728143747896,1.0
unmasked,271,0.0001918147027026862,1.0
unmasked,272,0.0001913909218274057,1.0
unmasked,273,0.00019098834309261292,1.0
unmasked,274,0.00019056987366639078,1.0
unmasked,275,0.00019018583407159895,1.0
unmasked,276,0.00018978325533680618,1.0
unmasked,277,0.00018938597349915653,1.0
unmasked,278,0.00018899928545579314,1.0
unmasked,279,0.00018861261196434498,1.0
unmasked,280,0.0001882285432657227,1.0
unmasked,281,0.00018783389532472938,1.0
unmasked,282,0.00018746046407613903,1.0
unmasked,283,0.00018705522234085947,1.0
unmasked,284,0.00018667119729798287,1.0
unmasked,285,0.00018630039994604886,1.0
unmasked,286,0.00018589517276268452,1.0
unmasked,287,0.0001855561276897788,1.0
unmasked,288,0.00018516679119784385,1.0
unmasked,289,0.00018477480625733733,1.0
unmasked,290,0.00018440930580254644,1.0
unmasked,291,0.0001840596814872697,1.0
unmasked,292,0.00018369153258390725,1.0
unmasked,293,0.0001833313435781747,1.0
unmasked,294,0.00018297640781383961,1.0
unmasked,295,0.00018258707132190466,1.0
unmasked,296,0.00018221628852188587,1.0
unmasked,297,0.00018187725800089538,1.0
unmasked,298,0.0001815170398913324,1.0
unmasked,299,0.00018118332081940025,1.0
unmasked,300,0.0001808204542612657,1.0
unmasked,301,0.00018047350749839097,1.0
unmasked,302,0.00018012389773502946,1.0
unmasked,303,0.00017977427341975272,1.0
unmasked,304,0.00017941673286259174,1.0
unmasked,305,0.00017907240544445813,1.0
unmasked,306,0.00017874928016681224,1.0
unmasked,307,0.0001783969928510487,1.0
unmasked,308,0.00017806063988246024,1.0
unmasked,309,0.00017771896091289818,1.0
unmasked,310,0.00017735875735525042,1.0
unmasked,311,0.0001770382805261761,1.0
unmasked,312,0.00017670189845375717,1.0
unmasked,313,0.00017638142162468284,1.0
unmasked,314,0.00017602914886083454,1.0
unmasked,315,0.0001757192803779617,1.0
unmasked,316,0.00017539084365125746,1.0
unmasked,317,0.00017503328854218125,1.0
unmasked,318,0.0001747287024045363,1.0
unmasked,319,0.0001743949542287737,1.0
unmasked,320,0.00017408508574590087,1.0
unmasked,321,0.00017376724281348288,1.0
unmasked,322,0.0001734600227791816,1.0
unmasked,323,0.0001731289376039058,1.0
unmasked,324,0.00017280846077483147,1.0
unmasked,325,0.00017249061784241349,1.0
unmasked,326,0.00017218336870428175,1.0
unmasked,327,0.0001718575949780643,1.0
unmasked,328,0.00017155300884041935,1.0
unmasked,329,0.00017122458666563034,1.0
unmasked,330,0.0001709252828732133,1.0
unmasked,331,0.00017062069673556834,1.0
unmasked,332,0.0001703134475974366,1.0
unmasked,333,0.00017001944070216268,1.0
unmasked,334,0.00016970957221928984,1.0
unmasked,335,0.0001694049860816449,1.0
unmasked,336,0.00016908449470065534,1.0
unmasked,337,0.00016880639304872602,1.0
unmasked,338,0.0001685044408077374,1.0
unmasked,339,0.0001682051515672356,1.0
unmasked,340,0.0001679244014667347,1.0
unmasked,341,0.0001676145038800314,1.0
unmasked,342,0.00016732314543332905,1.0
unmasked,343,0.0001670424098847434,1.0
unmasked,344,0.00016672721540089697,1.0
unmasked,345,0.00016646500444039702,1.0
unmasked,346,0.00016616040375083685,1.0
unmasked,347,0.0001658637629589066,1.0
unmasked,348,0.00016558566130697727,1.0
unmasked,349,0.00016529695130884647,1.0
unmasked,350,0.00016499236517120153,1.0
unmasked,351,0.00016473543655592948,1.0
unmasked,352,0.00016444407810922712,1.0
unmasked,353,0.00016413949197158217,1.0
unmasked,354,0.00016387994401156902,1.0
unmasked,355,0.0001636150700505823,1.0
unmasked,356,0.0001633131323615089,1.0
unmasked,357,0.0001630667975405231,1.0
unmasked,358,0.00016279399278573692,1.0
unmasked,359,0.0001624867581995204,1.0
unmasked,360,0.00016221658734139055,1.0
unmasked,361,0.00016196761862374842,1.0
unmasked,362,0.00016170804155990481,1.0
unmasked,363,0.00016141669766511768,1.0
unmasked,364,0.00016114124446175992,1.0
unmasked,365,0.0001608684251550585,1.0
unmasked,366,0.00016060886264313012,1.0
unmasked,367,0.00016033605788834393,1.0
unmasked,368,0.000160073846927844,1.0
unmasked,369,0.00015979573072399944,1.0
unmasked,370,0.00015954409900587052,1.0
unmasked,371,0.00015930042718537152,1.0
unmasked,372,0.00015903291932772845,1.0
unmasked,373,0.00015877334226388484,1.0
unmasked,374,0.00015850053750909865,1.0
unmasked,375,0.00015822506975382566,1.0
unmasked,376,0.00015797876403667033,1.0
unmasked,377,0.00015773772611282766,1.0
unmasked,378,0.00015747551515232772,1.0
unmasked,379,0.00015719210205134004,1.0
unmasked,380,0.00015694048488512635,1.0
unmasked,381,0.0001567153522046283,1.0
unmasked,382,0.00015646372048649937,1.0
unmasked,383,0.00015620150952599943,1.0
unmasked,384,0.00015596576849929988,1.0
unmasked,385,0.00015571944823022932,1.0
unmasked,386,0.00015546251961495727,1.0
unmasked,387,0.00015519236330874264,1.0
unmasked,388,0.00015495927073061466,1.0
unmasked,389,0.000154720910359174,1.0
unmasked,390,0.0001544692786410451,1.0
unmasked,391,0.00015422825526911765,1.0
unmasked,392,0.00015399781113956124,1.0
unmasked,393,0.00015376208466477692,1.0
unmasked,394,0.00015351310139521956,1.0
unmasked,395,0.0001532455935375765,1.0
unmasked,396,0.0001530151639599353,1.0
unmasked,397,0.00015278208593372256,1.0
unmasked,398,0.0001525542902527377,1.0
unmasked,399,0.00015231326688081026,1.0
unmasked,400,0.0001520722289569676,1.0
unmasked,401,0.00015183385403361171,1.0
unmasked,402,0.00015160342445597053,1.0
unmasked,403,0.0001513835886726156,1.0
unmasked,404,0.0001511504960944876,1.0
unmasked,405,0.00015088828513398767,1.0
unmasked,406,0.00015066313790157437,1.0
unmasked,407,0.00015046184125822037,1.0
unmasked,408,0.0001502234663348645,1.0
unmasked,409,0.00014998509141150862,1.0
unmasked,410,0.00014974668738432229,1.0
unmasked,411,0.00014951096090953797,1.0
unmasked,412,0.00014929642202332616,1.0
unmasked,413,0.00014906599244568497,1.0
unmasked,414,0.00014883819676470011,1.0
unmasked,415,0.00014863426622468978,1.0
unmasked,416,0.0001483932283008471,1.0
unmasked,417,0.00014816809562034905,1.0
unmasked,418,0.00014792705769650638,1.0
unmasked,419,0.00014773369184695184,1.0
unmasked,420,0.0001475006138207391,1.0
unmasked,421,0.00014729402028024197,1.0
unmasked,422,0.00014705299690831453,1.0
unmasked,423,0.0001468437403673306,1.0
unmasked,424,0.00014663979527540505,1.0
unmasked,425,0.0001464040542487055,1.0
unmasked,426,0.00014619481225963682,1.0
unmasked,427,0.0001459882187191397,1.0
unmasked,428,0.00014575512614101171,1.0
unmasked,429,0.0001455617748433724,1.0
unmasked,430,0.00014533664216287434,1.0
unmasked,431,0.0001451247517252341,1.0
unmasked,432,0.00014491019828710705,1.0
unmasked,433,0.0001446903625037521,1.0
unmasked,434,0.0001444811059627682,1.0
unmasked,435,0.00014426391862798482,1.0
unmasked,436,0.00014404673129320145,1.0
unmasked,437,0.00014386660768650472,1.0
unmasked,438,0.0001436547318007797,1.0
unmasked,439,0.00014344547525979578,1.0
unmasked,440,0.00014322299102786928,1.0
unmasked,441,0.00014301638293545693,1.0
unmasked,442,0.00014280714094638824,1.0
unmasked,443,0.00014261645264923573,1.0
unmasked,444,0.00014239658776205033,1.0
unmasked,445,0.0001421979395672679,1.0
unmasked,446,0.0001419886975781992,1.0
unmasked,447,0.00014179004938341677,1.0
unmasked,448,0.0001415913866367191,1.0
unmasked,449,0.00014137419930193573,1.0
unmasked,450,0.0001411596458638087,1.0
unmasked,451,0.00014098218525759876,1.0
unmasked,452,0.00014078883395995945,1.0
unmasked,453,0.00014058753731660545,1.0
unmasked,454,0.00014037828077562153,1.0
unmasked,455,0.00014018757792655379,1.0
unmasked,456,0.0001399995235260576,1.0
unmasked,457,0.00013979026698507369,1.0
unmasked,458,0.0001395942672388628,1.0
unmasked,459,0.00013940887583885342,1.0
unmasked,460,0.00013921550998929888,1.0
unmasked,461,0.0001390062680002302,1.0
unmasked,462,0.00013880495680496097,1.0
unmasked,463,0.00013861953630112112,1.0
unmasked,464,0.00013841559120919555,1.0
unmasked,465,0.0001382328337058425,1.0
unmasked,466,0.00013804211630485952,1.0
unmasked,467,0.00013784613111056387,1.0
unmasked,468,0.00013764217146672308,1.0
unmasked,469,0.00013747265620622784,1.0
unmasked,470,0.00013726604811381549,1.0
unmasked,471,0.00013708329061046243,1.0
unmasked,472,0.00013689523620996624,1.0
unmasked,473,0.00013668333122041076,1.0
unmasked,474,0.00013651116751134396,1.0
unmasked,475,0.0001363204646622762,1.0
unmasked,476,0.00013613770715892315,1.0
unmasked,477,0.00013594965275842696,1.0
unmasked,478,0.00013576688070315868,1.0
unmasked,479,0.00013557352940551937,1.0
unmasked,480,0.0001354119594907388,1.0
unmasked,481,0.0001352159451926127,1.0
unmasked,482,0.00013503848458640277,1.0
unmasked,483,0.00013486102398019284,1.0
unmasked,484,0.00013467296957969666,1.0
unmasked,485,0.00013446371303871274,1.0
unmasked,486,0.00013431008846964687,1.0
unmasked,487,0.000134114088723436,1.0
unmasked,488,0.0001339260343229398,1.0
unmasked,489,0.00013376180140767246,1.0
unmasked,490,0.00013355784176383168,1.0
unmasked,491,0.00013338038115762174,1.0
unmasked,492,0.00013320823200047016,1.0
unmasked,493,0.00013304664753377438,1.0
unmasked,494,0.00013286124158184975,1.0
unmasked,495,0.0001326970086665824,1.0
unmasked,496,0.000132511617266573,1.0
unmasked,497,0.00013233680510893464,1.0
unmasked,498,0.00013216727529652417,1.0
unmasked,499,0.00013197390944696963,1.0
unmasked,500,0.00013179380039218813,1.0
unmasked,501,0.00013163487892597914,1.0
unmasked,502,0.0001314574183197692,1.0
unmasked,503,0.0001312852546107024,1.0
unmasked,504,0.00013112103624735028,1.0
unmasked,505,0.0001309594517806545,1.0
unmasked,506,0.0001307581551373005,1.0
unmasked,507,0.0001306124759139493,1.0
unmasked,508,0.00013045090599916875,1.0
unmasked,509,0.00013024694635532796,1.0
unmasked,510,0.0001300721341976896,1.0
unmasked,511,0.00012990791583433747,1.0
unmasked,512,0.00012972779222764075,1.0
unmasked,513,0.00012957151921000332,1.0
unmasked,514,0.00012938876170665026,1.0
unmasked,515,0.00012924308248329908,1.0
unmasked,516,0.00012908416101709008,1.0
unmasked,517,0.00012890403741039336,1.0
unmasked,518,0.0001287212799070403,1.0
unmasked,519,0.00012855706154368818,1.0
unmasked,520,0.0001283875317312777,1.0
unmasked,521,0.00012823390716221184,1.0
unmasked,522,0.00012809087638743222,1.0
unmasked,523,0.00012791076733265072,1.0
unmasked,524,0.0001277438859688118,1.0
unmasked,525,0.00012759026139974594,1.0
unmasked,526,0.00012742076069116592,1.0
unmasked,527,0.00012725389387924224,1.0
unmasked,528,0.0001270896609639749,1.0
unmasked,529,0.00012693072494585067,1.0
unmasked,530,0.0001267691550310701,1.0
unmasked,531,0.00012660228821914643,1.0
unmasked,532,0.0001264592574443668,1.0
unmasked,533,0.0001262738514924422,1.0
unmasked,534,0.00012610167323146015,1.0
unmasked,535,0.0001259321579709649,1.0
unmasked,536,0.00012578383029904217,1.0
unmasked,537,0.0001256302057299763,1.0
unmasked,538,0.00012547393271233886,1.0
unmasked,539,0.0001253176451427862,1.0
unmasked,540,0.00012515607522800565,1.0
unmasked,541,0.00012499715376179665,1.0
unmasked,542,0.0001248488260898739,1.0
unmasked,543,0.00012470049841795117,1.0
unmasked,544,0.00012453361705411226,1.0
unmasked,545,0.0001243799924850464,1.0
unmasked,546,0.00012422371946740896,1.0
unmasked,547,0.00012406479800119996,1.0
unmasked,548,0.00012391115888021886,1.0
unmasked,549,0.00012375223741400987,1.0
unmasked,550,0.0001236065581906587,1.0
unmasked,551,0.00012345028517302126,1.0
unmasked,552,0.00012328606680966914,1.0
unmasked,553,0.00012314303603488952,1.0
unmasked,554,0.00012299204536247998,1.0
unmasked,555,0.00012283842079341412,1.0
unmasked,556,0.00012267949932720512,1.0
unmasked,557,0.00012252057786099613,1.0
unmasked,558,0.00012237488408572972,1.0
unmasked,559,0.0001222106657223776,1.0
unmasked,560,0.00012205704842926934,1.0
unmasked,561,0.00012190341658424586,1.0
unmasked,562,0.00012176038580946624,1.0
unmasked,563,0.0001216041055158712,1.0
unmasked,564,0.00012145312211941928,1.0
unmasked,565,0.00012133127893321216,1.0
unmasked,566,0.00012115646677557379,1.0
unmasked,567,0.00012101342872483656,1.0
unmasked,568,0.00012086510105291381,1.0
unmasked,569,0.00012072736717527732,1.0
unmasked,570,0.00012057903950335458,1.0
unmasked,571,0.00012045985204167664,1.0
unmasked,572,0.00012031415826641023,1.0
unmasked,573,0.0001201499326271005,1.0
unmasked,574,0.00012000159767922014,1.0
unmasked,575,0.00011983207514276728,1.0
unmasked,576,0.00011968905164394528,1.0
unmasked,577,0.00011954866204177961,1.0
unmasked,578,0.00011939503747271374,1.0
unmasked,579,0.00011928114690817893,1.0
unmasked,580,0.00011911956971744075,1.0
unmasked,581,0.00011896329669980332,1.0
unmasked,582,0.00011882820399478078,1.0
unmasked,583,0.0001186957597383298,1.0
unmasked,584,0.00011856332275783643,1.0
unmasked,585,0.000118407049740199,1.0
unmasked,586,0.00011826931586256251,1.0
unmasked,587,0.0001181183397420682,1.0
unmasked,588,0.00011799384810728952,1.0
unmasked,589,0.00011785082460846752,1.0
unmasked,590,0.00011771572462748736,1.0
unmasked,591,0.00011757003812817857,1.0
unmasked,592,0.00011742171045625582,1.0
unmasked,593,0.00011729987454600632,1.0
unmasked,594,0.00011713300045812503,1.0
unmasked,595,0.00011700321192620322,1.0
unmasked,596,0.00011688666563713923,1.0
unmasked,597,0.00011673038534354419,1.0
unmasked,598,0.0001166058937087655,1.0
unmasked,599,0.00011646815983112901,1.0
unmasked,600,0.00011630393419181928,1.0
unmasked,601,0.00011619798897299916,1.0
unmasked,602,0.00011604700557654724,1.0
unmasked,603,0.00011591985821723938,1.0
unmasked,604,0.00011578212433960289,1.0
unmasked,605,0.00011565499153221026,1.0
unmasked,606,0.00011551725765457377,1.0
unmasked,607,0.00011537687532836571,1.0
unmasked,608,0.00011524707224452868,1.0
unmasked,609,0.00011509874457260594,1.0
unmasked,610,0.00011495306534925476,1.0
unmasked,611,0.00011483121488709003,1.0
unmasked,612,0.00011469083256088197,1.0
unmasked,613,0.00011456633365014568,1.0
unmasked,614,0.0001144286070484668,1.0
unmasked,615,0.00011430146696511656,1.0
unmasked,616,0.00011415049084462225,1.0
unmasked,617,0.00011402069503674284,1.0
unmasked,618,0.00011388030543457717,1.0
unmasked,619,0.00011376376642147079,1.0
unmasked,620,0.00011362868099240586,1.0
unmasked,621,0.00011349093983881176,1.0
unmasked,622,0.00011335585440974683,1.0
unmasked,623,0.00011322341015329584,1.0
unmasked,624,0.00011309362889733166,1.0
unmasked,625,0.00011296117736492306,1.0
unmasked,626,0.00011283138883300126,1.0
unmasked,627,0.00011270160030107945,1.0
unmasked,628,0.00011258239828748628,1.0
unmasked,629,0.00011247116344748065,1.0
unmasked,630,0.0001123307811212726,1.0
unmasked,631,0.00011218773579457775,1.0
unmasked,632,0.00011206589988432825,1.0
unmasked,633,0.00011192816600669175,1.0
unmasked,634,0.00011181160516571254,1.0
unmasked,635,0.00011167387856403366,1.0
unmasked,636,0.0001115679187932983,1.0
unmasked,637,0.00011142223956994712,1.0
unmasked,638,0.00011129775521112606,1.0
unmasked,639,0.00011116001405753195,1.0
unmasked,640,0.00011105935845989734,1.0
unmasked,641,0.00011092691420344636,1.0
unmasked,642,0.00011080772674176842,1.0
unmasked,643,0.00011065409489674494,1.0
unmasked,644,0.00011055608047172427,1.0
unmasked,645,0.00011041834659408778,1.0
unmasked,646,0.00011029386223526672,1.0
unmasked,647,0.00011017996439477429,1.0
unmasked,648,0.00011005281703546643,1.0
unmasked,649,0.00010992567695211619,1.0
unmasked,650,0.00010980913793900982,1.0
unmasked,651,0.00010966080299112946,1.0
unmasked,652,0.00010954424942610785,1.0
unmasked,653,0.00010942506196442991,1.0
unmasked,654,0.00010930056305369362,1.0
unmasked,655,0.000109173430246301,1.0
unmasked,656,0.00010907012620009482,1.0
unmasked,657,0.00010893503349507228,1.0
unmasked,658,0.00010880523768719286,1.0
unmasked,659,0.00010869134712265804,1.0
unmasked,660,0.00010855361324502155,1.0
unmasked,661,0.00010843440395547077,1.0
unmasked,662,0.0001083178649423644,1.0
unmasked,663,0.00010820661555044353,1.0
unmasked,664,0.00010805563942994922,1.0
unmasked,665,0.00010796028072945774,1.0
unmasked,666,0.00010783843754325062,1.0
unmasked,667,0.0001077298293239437,1.0
unmasked,668,0.0001076000407920219,1.0
unmasked,669,0.00010749145440058783,1.0
unmasked,670,0.00010735899559222162,1.0
unmasked,671,0.0001072451050276868,1.0
unmasked,672,0.00010713385563576594,1.0
unmasked,673,0.00010698816186049953,1.0
unmasked,674,0.00010690076305763796,1.0
unmasked,675,0.00010675508383428678,1.0
unmasked,676,0.00010662528075044975,1.0
unmasked,677,0.00010652463242877275,1.0
unmasked,678,0.00010640544496709481,1.0
unmasked,679,0.00010629683674778789,1.0
unmasked,680,0.00010619353997753933,1.0
unmasked,681,0.00010606905561871827,1.0
unmasked,682,0.00010593659681035206,1.0
unmasked,683,0.00010583065159153193,1.0
unmasked,684,0.00010571674647508189,1.0
unmasked,685,0.00010562404349911958,1.0
unmasked,686,0.00010548366117291152,1.0
unmasked,687,0.00010538564674789086,1.0
unmasked,688,0.00010525056131882593,1.0
unmasked,689,0.00010514462337596342,1.0
unmasked,690,0.00010502011718926951,1.0
unmasked,691,0.00010490357817616314,1.0
unmasked,692,0.00010479231423232704,1.0
unmasked,693,0.00010468372056493536,1.0
unmasked,694,0.00010455923620611429,1.0
unmasked,695,0.00010445856605656445,1.0
unmasked,696,0.00010434997238917276,1.0
unmasked,697,0.00010424666834296659,1.0
unmasked,698,0.00010413541895104572,1.0
unmasked,699,0.00010402682528365403,1.0
unmasked,700,0.00010391291289124638,1.0
unmasked,701,0.00010378842853242531,1.0
unmasked,702,0.00010370630479883403,1.0
unmasked,703,0.00010358446888858452,1.0
unmasked,704,0.0001034546730807051,1.0
unmasked,705,0.00010332752572139725,1.0
unmasked,706,0.00010324012691853568,1.0
unmasked,707,0.00010311297228327021,1.0
unmasked,708,0.00010299378482159227,1.0
unmasked,709,0.00010286399628967047,1.0
unmasked,710,0.00010276068496750668,1.0
unmasked,711,0.00010267857578583062,1.0
unmasked,712,0.00010254614608129486,1.0
unmasked,713,0.00010244018631055951,1.0
unmasked,714,0.00010233688954031095,1.0
unmasked,715,0.0001022521173581481,1.0
unmasked,716,0.00010212233610218391,1.0
unmasked,717,0.00010201372060691938,1.0
unmasked,718,0.00010192897025262937,1.0
unmasked,719,0.00010181505786022171,1.0
unmasked,720,0.00010169322194997221,1.0
unmasked,721,0.00010157932410947978,1.0
unmasked,722,0.00010147337161470205,1.0
unmasked,723,0.00010138066136278212,1.0
unmasked,724,0.00010126145934918895,1.0
unmasked,725,0.0001011502172332257,1.0
unmasked,726,0.00010104955435963348,1.0
unmasked,727,0.00010093831224367023,1.0
unmasked,728,0.00010084030509460717,1.0
unmasked,729,0.00010072111035697162,1.0
unmasked,730,0.00010063899389933795,1.0
unmasked,731,0.00010050919809145853,1.0
unmasked,732,0.0001004244404612109,1.0
unmasked,733,0.00010028140241047367,1.0
unmasked,734,0.00010018869943451136,1.0
unmasked,735,0.0001000906850094907,1.0
unmasked,736,9.997414599638432e-05,1.0
unmasked,737,9.987878729589283e-05,1.0
unmasked,738,9.976753790397197e-05,1.0
unmasked,739,9.96642338577658e-05,1.0
unmasked,740,9.956357826013118e-05,1.0
unmasked,741,9.945762576535344e-05,1.0
unmasked,742,9.936226706486195e-05,1.0
unmasked,743,9.92642599157989e-05,1.0
unmasked,744,9.915301052387804e-05,1.0
unmasked,745,9.906030027195811e-05,1.0
unmasked,746,9.896494157146662e-05,1.0
unmasked,747,9.886428597383201e-05,1.0
unmasked,748,9.874509123619646e-05,1.0
unmasked,749,9.86338418442756e-05,1.0
unmasked,750,9.854113159235567e-05,1.0
unmasked,751,9.843517909757793e-05,1.0
unmasked,752,9.832922660280019e-05,1.0
unmasked,753,9.82338679023087e-05,1.0
unmasked,754,9.813586075324565e-05,1.0
unmasked,755,9.802725980989635e-05,1.0
unmasked,756,9.794514335226268e-05,1.0
unmasked,757,9.784448775462806e-05,1.0
unmasked,758,9.773853525985032e-05,1.0
unmasked,759,9.761934052221477e-05,1.0
unmasked,760,9.752398182172328e-05,1.0
unmasked,761,9.744187991600484e-05,1.0
unmasked,762,9.732798207551241e-05,1.0
unmasked,763,9.72273264778778e-05,1.0
unmasked,764,9.711871825857088e-05,1.0
unmasked,765,9.70154142123647e-05,1.0
unmasked,766,9.692271123640239e-05,1.0
unmasked,767,9.683529788162559e-05,1.0
unmasked,768,9.671873704064637e-05,1.0
unmasked,769,9.662868978921324e-05,1.0
unmasked,770,9.654656605562195e-05,1.0
unmasked,771,9.642207442084327e-05,1.0
unmasked,772,9.632407454773784e-05,1.0
unmasked,773,9.624725498724729e-05,1.0
unmasked,774,9.612540452508256e-05,1.0
unmasked,775,9.60432953434065e-05,1.0
unmasked,776,9.595323354005814e-05,1.0
unmasked,777,9.583669452695176e-05,1.0
unmasked,778,9.573337592883036e-05,1.0
unmasked,779,9.563538333168253e-05,1.0
unmasked,780,9.553472773404792e-05,1.0
unmasked,781,9.543671330902725e-05,1.0
unmasked,782,9.533605771139264e-05,1.0
unmasked,783,9.525659697828814e-05,1.0
unmasked,784,9.515329293208197e-05,1.0
unmasked,785,9.506852802587673e-05,1.0
unmasked,786,9.496257553109899e-05,1.0
unmasked,787,9.485662303632125e-05,1.0
unmasked,788,9.477451385464519e-05,1.0
unmasked,789,9.46712025324814e-05,1.0
unmasked,790,9.458379645366222e-05,1.0
unmasked,791,9.447519551031291e-05,1.0
unmasked,792,9.438512643100694e-05,1.0
unmasked,793,9.429241617908701e-05,1.0
unmasked,794,9.418381523573771e-05,1.0
unmasked,795,9.408846381120384e-05,1.0
unmasked,796,9.399309783475474e-05,1.0
unmasked,797,9.388979378854856e-05,1.0
unmasked,798,9.38076846068725e-05,1.0
unmasked,799,9.373087232233956e-05,1.0
unmasked,800,9.361961565446109e-05,1.0
causal,1,3.7816193103790283,0.04444444552063942
causal,2,3.0873093605041504,0.2666666805744171
causal,3,2.395864963531494,0.6666666865348816
causal,4,1.783197045326233,0.8222222328186035
causal,5,1.2839460372924805,0.9555555582046509
causal,6,0.905888557434082,0.9777777791023254
causal,7,0.6440740823745728,1.0
causal,8,0.4476494789123535,1.0
causal,9,0.31255361437797546,1.0
causal,10,0.21357078850269318,1.0
causal,11,0.1483180969953537,1.0
causal,12,0.10196541994810104,1.0
causal,13,0.06971611082553864,1.0
causal,14,0.04607505723834038,1.0
causal,15,0.034191522747278214,1.0
causal,16,0.02535400353372097,1.0
causal,17,0.019083108752965927,1.0
causal,18,0.015230593271553516,1.0
causal,19,0.012691404670476913,1.0
causal,20,0.010700121521949768,1.0
causal,21,0.008959769271314144,1.0
causal,22,0.007395378779619932,1.0
causal,23,0.006073554512113333,1.0
causal,24,0.005059452727437019,1.0
causal,25,0.0043425047770142555,1.0
causal,26,0.0037787589244544506,1.0
causal,27,0.0032264983747154474,1.0
causal,28,0.002784276381134987,1.0
causal,29,0.0024623225908726454,1.0
causal,30,0.0022162096574902534,1.0
causal,31,0.002015923848375678,1.0
causal,32,0.0018462628358975053,1.0
causal,33,0.0017002036329358816,1.0
causal,34,0.0015739010414108634,1.0
causal,35,0.0014640367589890957,1.0
causal,36,0.0013675657100975513,1.0
causal,37,0.001281880890019238,1.0
causal,38,0.001204868545755744,1.0
causal,39,0.001135043567046523,1.0
causal,40,0.0010713941883295774,1.0
causal,41,0.0010133131872862577,1.0
causal,42,0.0009604048682376742,1.0
causal,43,0.0009122365736402571,1.0
causal,44,0.000868438626639545,1.0
causal,45,0.0008286416414193809,1.0
causal,46,0.0007924835081212223,1.0
causal,47,0.0007595494389533997,1.0
causal,48,0.0007296015974134207,1.0
causal,49,0.0007023441139608622,1.0
causal,50,0.0006775045767426491,1.0
causal,51,0.000654839794151485,1.0
causal,52,0.0006341753760352731,1.0
causal,53,0.0006152731948532164,1.0
causal,54,0.0005979745765216649,1.0
causal,55,0.0005820679944008589,1.0
causal,56,0.0005674581043422222,1.0
causal,57,0.0005539968842640519,1.0
causal,58,0.0005415492341853678,1.0
causal,59,0.0005300412885844707,1.0
causal,60,0.0005193219985812902,1.0
causal,61,0.0005093597574159503,1.0
causal,62,0.0005000486853532493,1.0
causal,63,0.000491375511046499,1.0
causal,64,0.00048322908696718514,1.0
causal,65,0.00047559093218296766,1.0
causal,66,0.0004684080195147544,1.0
causal,67,0.0004616699297912419,1.0
causal,68,0.00045528123155236244,1.0
causal,69,0.0004492842999752611,1.0
causal,70,0.00044357325532473624,1.0
causal,71,0.0004382513870950788,1.0
causal,72,0.0004331704694777727,1.0
causal,73,0.00042832776671275496,1.0
causal,74,0.00042377892532385886,1.0
causal,75,0.00041944190161302686,1.0
causal,76,0.00041528488509356976,1.0
causal,77,0.0004113661707378924,1.0
causal,78,0.0004076009790878743,1.0
causal,79,0.00040399996214546263,1.0
causal,80,0.00040057627484202385,1.0
causal,81,0.00039726385148242116,1.0
causal,82,0.0003941049217246473,1.0
causal,83,0.00039105460746213794,1.0
causal,84,0.00038805455551482737,1.0
causal,85,0.0003852186491712928,1.0
causal,86,0.000382475380320102,1.0
causal,87,0.00037980894558131695,1.0
causal,88,0.0003771954507101327,1.0
causal,89,0.0003747170267160982,1.0
causal,90,0.00037227559369057417,1.0
causal,91,0.00036991096567362547,1.0
causal,92,0.00036761254887096584,1.0
causal,93,0.0003653485036920756,1.0
causal,94,0.000363134837243706,1.0
causal,95,0.0003610163985285908,1.0
causal,96,0.00035895101609639823,1.0
causal,97,0.00035691203083842993,1.0
causal,98,0.0003549128014128655,1.0
causal,99,0.0003529505920596421,1.0
causal,100,0.0003510440292302519,1.0
causal,101,0.0003491877287160605,1.0
causal,102,0.000347328808857128,1.0
causal,103,0.0003455599071457982,1.0
causal,104,0.0003437804407440126,1.0
causal,105,0.0003420565335545689,1.0
causal,106,0.0003403299779165536,1.0
causal,107,0.00033866966259665787,1.0
causal,108,0.00033704639645293355,1.0
causal,109,0.0003354125074110925,1.0
causal,110,0.0003338209935463965,1.0
causal,111,0.00033225066727027297,1.0
causal,112,0.00033073066151700914,1.0
causal,113,0.00032920268131420016,1.0
causal,114,0.0003277197538409382,1.0
causal,115,0.00032623414881527424,1.0
causal,116,0.00032479091896675527,1.0
causal,117,0.00032335566356778145,1.0
causal,118,0.0003219441568944603,1.0
causal,119,0.00032055919291451573,1.0
causal,120,0.0003191768773831427,1.0
causal,121,0.0003178262850269675,1.0
causal,122,0.0003164889640174806,1.0
causal,123,0.0003151702112518251,1.0
causal,124,0.0003138699394185096,1.0
causal,125,0.00031255115754902363,1.0
causal,126,0.00031129326089285314,1.0
causal,127,0.0003100539033766836,1.0
causal,128,0.00030880130361765623,1.0
causal,129,0.00030758578213863075,1.0
causal,130,0.0003063782351091504,1.0
causal,131,0.00030517062987200916,1.0
causal,132,0.00030400013201870024,1.0
causal,133,0.0003028137143701315,1.0
causal,134,0.00030165116186253726,1.0
causal,135,0.00030051771318539977,1.0
causal,136,0.0002993869420606643,1.0
causal,137,0.00029825614183209836,1.0
causal,138,0.00029713858384639025,1.0
causal,139,0.0002960501587949693,1.0
causal,140,0.0002949696790892631,1.0
causal,141,0.00029388919938355684,1.0
causal,142,0.00029281136812642217,1.0
causal,143,0.00029177588294260204,1.0
causal,144,0.0002907483431044966,1.0
causal,145,0.00028970494167879224,1.0
causal,146,0.00028869861853308976,1.0
causal,147,0.0002876922662835568,1.0
causal,148,0.0002866859140340239,1.0
causal,149,0.000285703397821635,1.0
causal,150,0.00028471561381593347,1.0
causal,151,0.00028372780070640147,1.0
causal,152,0.0002827664720825851,1.0
causal,153,0.0002818130888044834,1.0
causal,154,0.00028089943225495517,1.0
causal,155,0.00027995664277113974,1.0
causal,156,0.0002790138532873243,1.0
causal,157,0.0002781107905320823,1.0
causal,158,0.0002772050502244383,1.0
causal,159,0.00027630728436633945,1.0
causal,160,0.00027539627626538277,1.0
causal,161,0.00027454880182631314,1.0
causal,162,0.00027364573907107115,1.0
causal,163,0.0002727956452872604,1.0
causal,164,0.00027190844411961734,1.0
causal,165,0.00027105037588626146,1.0
causal,166,0.00027023471193388104,1.0
causal,167,0.0002693978021852672,1.0
causal,168,0.00026855565374717116,1.0
causal,169,0.0002677373413462192,1.0
causal,170,0.00026688986690714955,1.0
causal,171,0.0002661059843376279,1.0
causal,172,0.0002652929106261581,1.0
causal,173,0.0002645010536070913,1.0
causal,174,0.00026369860279373825,1.0
causal,175,0.00026290409732609987,1.0
causal,176,0.0002621281601022929,1.0
causal,177,0.00026135481311939657,1.0
causal,178,0.0002605867921374738,1.0
causal,179,0.0002598320133984089,1.0
causal,180,0.0002590851509012282,1.0
causal,181,0.0002583118621259928,1.0
causal,182,0.000257583538768813,1.0
causal,183,0.0002568499476183206,1.0
causal,184,0.0002561269502621144,1.0
causal,185,0.0002553854137659073,1.0
causal,186,0.0002546756586525589,1.0
causal,187,0.00025396322598680854,1.0
causal,188,0.0002532455255277455,1.0
causal,189,0.0002525172021705657,1.0
causal,190,0.00025181539240293205,1.0
causal,191,0.00025113741867244244,1.0
causal,192,0.00025047530652955174,1.0
causal,193,0.000249792035901919,1.0
causal,194,0.00024907695478759706,1.0
causal,195,0.000248401629505679,1.0
causal,196,0.0002477342204656452,1.0
causal,197,0.00024708008277229965,1.0
causal,198,0.000246399431489408,1.0
causal,199,0.0002457611553836614,1.0
causal,200,0.0002451255568303168,1.0
causal,201,0.0002444634446874261,1.0
causal,202,0.0002438199007883668,1.0
causal,203,0.00024318958458025008,1.0
causal,204,0.00024255925382021815,1.0
causal,205,0.00024193421995732933,1.0
causal,206,0.00024129595840349793,1.0
causal,207,0.00024070007202681154,1.0
causal,208,0.00024006710737012327,1.0
causal,209,0.00023945000430103391,1.0
causal,210,0.00023884883557911962,1.0
causal,211,0.00023826352844480425,1.0
causal,212,0.0002376358606852591,1.0
causal,213,0.0002370425791013986,1.0
causal,214,0.00023644139582756907,1.0
causal,215,0.00023586669703945518,1.0
causal,216,0.00023527609300799668,1.0
causal,217,0.00023466961283702403,1.0
causal,218,0.00023409753339365125,1.0
causal,219,0.0002335439930902794,1.0
causal,220,0.00023295341816265136,1.0
causal,221,0.0002323945809621364,1.0
causal,222,0.00023183049052022398,1.0
causal,223,0.00023125576262827963,1.0
causal,224,0.00023072079056873918,1.0
causal,225,0.00023015931947156787,1.0
causal,226,0.00022959518537390977,1.0
causal,227,0.00022906284721102566,1.0
causal,228,0.00022850932145956904,1.0
causal,229,0.00022797963174525648,1.0
causal,230,0.00022743406589142978,1.0
causal,231,0.0002269070246256888,1.0
causal,232,0.00022636937501374632,1.0
causal,233,0.00022583438840229064,1.0
causal,234,0.00022533118317369372,1.0
causal,235,0.00022482532949652523,1.0
causal,236,0.00022429032833315432,1.0
causal,237,0.00022377388086169958,1.0
causal,238,0.00022326273028738797,1.0
causal,239,0.00022275687661021948,1.0
causal,240,0.0002222298353444785,1.0
causal,241,0.00022172398166731,1.0
causal,242,0.0002212313556810841,1.0
causal,243,0.00022073608124628663,1.0
causal,244,0.00022022229677531868,1.0
causal,245,0.00021974026458337903,1.0
causal,246,0.00021925293549429625,1.0
causal,247,0.00021877889230381697,1.0
causal,248,0.0002182941825594753,1.0
causal,249,0.00021780688257422298,1.0
causal,250,0.00021732220193371177,1.0
causal,251,0.00021681899670511484,1.0
causal,252,0.00021634755830746144,1.0
causal,253,0.0002158655261155218,1.0
causal,254,0.00021541528985835612,1.0
causal,255,0.00021494121756404638,1.0
causal,256,0.00021447506151162088,1.0
causal,257,0.00021403012215159833,1.0
causal,258,0.00021354545606300235,1.0
causal,259,0.0002131084620486945,1.0
causal,260,0.00021264232054818422,1.0
causal,261,0.00021218678739387542,1.0
causal,262,0.00021172859123907983,1.0
causal,263,0.00021127835498191416,1.0
causal,264,0.0002108386834152043,1.0
causal,265,0.0002104122977470979,1.0
causal,266,0.00020996734383516014,1.0
causal,267,0.00020951178157702088,1.0
causal,268,0.00020908274746034294,1.0
causal,269,0.0002086404274450615,1.0
causal,270,0.00020820871577598155,1.0
causal,271,0.00020779026090167463,1.0
causal,272,0.00020735060388687998,1.0
causal,273,0.00020690566452685744,1.0
causal,274,0.00020651367958635092,1.0
causal,275,0.0002060740371234715,1.0
causal,276,0.00020566880994010717,1.0
causal,277,0.0002052318159257993,1.0
causal,278,0.0002048080350505188,1.0
causal,279,0.00020440813386812806,1.0
causal,280,0.00020399758068379015,1.0
causal,281,0.00020360031339805573,1.0
causal,282,0.00020319773466326296,1.0
causal,283,0.000202766022994183,1.0
causal,284,0.00020237138960510492,1.0
causal,285,0.00020196882542222738,1.0
causal,286,0.0002015609497902915,1.0
causal,287,0.00020115837105549872,1.0
causal,288,0.0002007478615269065,1.0
causal,289,0.00020036913338117301,1.0
causal,290,0.00019997185154352337,1.0
causal,291,0.00019958251505158842,1.0
causal,292,0.00019920112390536815,1.0
causal,293,0.00019880913896486163,1.0
causal,294,0.000198422436369583,1.0
causal,295,0.00019803576287813485,1.0
causal,296,0.0001976543862838298,1.0
causal,297,0.0001973021135199815,1.0
causal,298,0.00019689953478518873,1.0
causal,299,0.00019650754984468222,1.0
causal,300,0.0001961420348379761,1.0
causal,301,0.00019574740144889802,1.0
causal,302,0.00019536072795744985,1.0
causal,303,0.00019498993060551584,1.0
causal,304,0.0001946217962540686,1.0
causal,305,0.00019426159269642085,1.0
causal,306,0.00019389345834497362,1.0
causal,307,0.00019350677030161023,1.0
causal,308,0.00019317831902299076,1.0
causal,309,0.00019281548156868666,1.0
causal,310,0.0001924552780110389,1.0
causal,311,0.0001920924405567348,1.0
causal,312,0.00019172957399860024,1.0
causal,313,0.00019138526113238186,1.0
causal,314,0.00019102770602330565,1.0
causal,315,0.00019069401605520397,1.0
causal,316,0.00019033906573895365,1.0
causal,317,0.0001899868220789358,1.0
causal,318,0.00018962395552080125,1.0
causal,319,0.00018926111806649715,1.0
causal,320,0.00018892476509790868,1.0
causal,321,0.0001885777892312035,1.0
causal,322,0.00018824407015927136,1.0
causal,323,0.0001878812036011368,1.0
causal,324,0.00018759783415589482,1.0
causal,325,0.00018722172535490245,1.0
causal,326,0.00018689860007725656,1.0
causal,327,0.0001865595841081813,1.0
causal,328,0.00018623117648530751,1.0
causal,329,0.00018590805120766163,1.0
causal,330,0.00018555577844381332,1.0
causal,331,0.0001852273562690243,1.0
causal,332,0.0001848804095061496,1.0
causal,333,0.00018456787802278996,1.0
causal,334,0.00018423149595037103,1.0
causal,335,0.00018390572222415358,1.0
causal,336,0.0001835825969465077,1.0
causal,337,0.00018327005091123283,1.0
causal,338,0.00018294164328835905,1.0
causal,339,0.00018261055811308324,1.0
causal,340,0.00018229008128400892,1.0
causal,341,0.00018198018369730562,1.0
causal,342,0.0001816676667658612,1.0
causal,343,0.00018134983838535845,1.0
causal,344,0.00018104260379914194,1.0
causal,345,0.00018072215607389808,1.0
causal,346,0.00018040959548670799,1.0
causal,347,0.00018012353393714875,1.0
causal,348,0.00017978718096856028,1.0
causal,349,0.00017949847097042948,1.0
causal,350,0.00017918064258992672,1.0
causal,351,0.00017886811110656708,1.0
causal,352,0.0001785635104170069,1.0
causal,353,0.00017826160183176398,1.0
causal,354,0.00017799143097363412,1.0
causal,355,0.0001776709541445598,1.0
causal,356,0.00017736636800691485,1.0
causal,357,0.00017706443031784147,1.0
causal,358,0.0001767783978721127,1.0
causal,359,0.00017647909407969564,1.0
causal,360,0.000176166562596336,1.0
causal,361,0.00017587786715012044,1.0
causal,362,0.0001755706180119887,1.0
causal,363,0.00017527927411720157,1.0
causal,364,0.00017497733642812818,1.0
causal,365,0.00017469922022428364,1.0
causal,366,0.00017441847012378275,1.0
causal,367,0.0001741165469866246,1.0
causal,368,0.00017384639068040997,1.0
causal,369,0.00017354710143990815,1.0
causal,370,0.00017328224203083664,1.0
causal,371,0.00017298028978984803,1.0
causal,372,0.00017268629744648933,1.0
causal,373,0.00017243203183170408,1.0
causal,374,0.00017214070248883218,1.0
causal,375,0.0001718705170787871,1.0
causal,376,0.00017157917318399996,1.0
causal,377,0.00017129312618635595,1.0
causal,378,0.0001710388605715707,1.0
causal,379,0.0001707528135739267,1.0
causal,380,0.00017048265726771206,1.0
causal,381,0.00017019661027006805,1.0
causal,382,0.00016993175086099654,1.0
causal,383,0.00016966424300335348,1.0
causal,384,0.00016938878979999572,1.0
causal,385,0.00016911332204472274,1.0
causal,386,0.00016886169032659382,1.0
causal,387,0.00016856506408657879,1.0
causal,388,0.0001683266891632229,1.0
causal,389,0.00016803534526843578,1.0
causal,390,0.00016777576820459217,1.0
causal,391,0.00016751355724409223,1.0
causal,392,0.00016726194007787853,1.0
causal,393,0.00016698118997737765,1.0
causal,394,0.0001667348697083071,1.0
causal,395,0.00016648323799017817,1.0
causal,396,0.00016622632392682135,1.0
causal,397,0.00016593498003203422,1.0
causal,398,0.00016567541752010584,1.0
causal,399,0.0001654184889048338,1.0
causal,400,0.00016515894094482064,1.0
causal,401,0.0001649072946747765,1.0
causal,402,0.00016466365195810795,1.0
causal,403,0.00016439612954854965,1.0
causal,404,0.0001641630515223369,1.0
causal,405,0.0001639034744584933,1.0
causal,406,0.00016366245108656585,1.0
causal,407,0.0001634002401260659,1.0
causal,408,0.00016315127140842378,1.0
causal,409,0.00016288906044792384,1.0
causal,410,0.00016265068552456796,1.0
causal,411,0.00016238581156358123,1.0
causal,412,0.0001621183182578534,1.0
causal,413,0.0001618852256797254,1.0
causal,414,0.00016163890541065484,1.0
causal,415,0.00016138728824444115,1.0
causal,416,0.00016114891332108527,1.0
causal,417,0.0001609025930520147,1.0
causal,418,0.00016066685202531517,1.0
causal,419,0.00016043378855101764,1.0
causal,420,0.00016018215683288872,1.0
causal,421,0.00015993848501238972,1.0
causal,422,0.00015971864922903478,1.0
causal,423,0.00015946173516567796,1.0
causal,424,0.0001592206972418353,1.0
causal,425,0.00015898233687039465,1.0
causal,426,0.00015872275980655104,1.0
causal,427,0.0001585002610227093,1.0
causal,428,0.00015828837058506906,1.0
causal,429,0.00015804736176505685,1.0
causal,430,0.00015780897228978574,1.0
causal,431,0.00015758119116071612,1.0
causal,432,0.00015733485633973032,1.0
causal,433,0.0001571070752106607,1.0
causal,434,0.00015686870028730482,1.0
causal,435,0.0001566568244015798,1.0
causal,436,0.00015640254423487931,1.0
causal,437,0.0001562012330396101,1.0
causal,438,0.00015595492732245475,1.0
causal,439,0.00015573242853861302,1.0
causal,440,0.00015550994430668652,1.0
causal,441,0.00015527686628047377,1.0
causal,442,0.00015505438204854727,1.0
causal,443,0.0001548292493680492,1.0
causal,444,0.00015462265582755208,1.0
causal,445,0.00015438163245562464,1.0
causal,446,0.00015417237591464072,1.0
causal,447,0.00015393400099128485,1.0
causal,448,0.00015373270434793085,1.0
causal,449,0.00015349431487265974,1.0
causal,450,0.0001532824244350195,1.0
causal,451,0.00015306260320357978,1.0
causal,452,0.0001528559805592522,1.0
causal,453,0.00015263086243066937,1.0
causal,454,0.00015240837819874287,1.0
causal,455,0.00015217794862110168,1.0
causal,456,0.00015198458277154714,1.0
causal,457,0.00015173826250247657,1.0
causal,458,0.0001515422627562657,1.0
causal,459,0.00015132507542148232,1.0
causal,460,0.00015110522508621216,1.0
causal,461,0.00015089863154571503,1.0
causal,462,0.0001506947010057047,1.0
causal,463,0.0001504774991190061,1.0
causal,464,0.0001502762024756521,1.0
causal,465,0.00015004047600086778,1.0
causal,466,0.00014985505549702793,1.0
causal,467,0.00014963257126510143,1.0
causal,468,0.00014943390851840377,1.0
causal,469,0.00014921408728696406,1.0
causal,470,0.00014900218229740858,1.0
causal,471,0.00014877704961691052,1.0
causal,472,0.0001485916436649859,1.0
causal,473,0.00014839829236734658,1.0
causal,474,0.00014818640192970634,1.0
causal,475,0.00014797451149206609,1.0
causal,476,0.0001477705518482253,1.0
causal,477,0.00014755336451344192,1.0
causal,478,0.00014737060701008886,1.0
causal,479,0.0001471587165724486,1.0
causal,480,0.0001469494600314647,1.0
causal,481,0.0001467508263885975,1.0
causal,482,0.00014655746053904295,1.0
causal,483,0.00014634292165283114,1.0
causal,484,0.00014614957035519183,1.0
causal,485,0.0001459403138142079,1.0
causal,486,0.00014575492241419852,1.0
causal,487,0.0001455747988075018,1.0
causal,488,0.00014537616516463459,1.0
causal,489,0.00014516690862365067,1.0
causal,490,0.00014497620577458292,1.0
causal,491,0.00014476430078502744,1.0
causal,492,0.00014457096403930336,1.0
causal,493,0.00014437759818974882,1.0
causal,494,0.0001441710046492517,1.0
causal,495,0.00014398295024875551,1.0
causal,496,0.00014378695050254464,1.0
causal,497,0.00014360684144776314,1.0
causal,498,0.00014338963956106454,1.0
causal,499,0.0001431989367119968,1.0
causal,500,0.00014301353076007217,1.0
causal,501,0.00014284136705100536,1.0
causal,502,0.00014263477351050824,1.0
causal,503,0.00014245464990381151,1.0
causal,504,0.00014225866470951587,1.0
causal,505,0.00014206531341187656,1.0
causal,506,0.00014187194756232202,1.0
causal,507,0.00014169447240419686,1.0
causal,508,0.00014149054186418653,1.0
causal,509,0.00014130776980891824,1.0
causal,510,0.00014111708151176572,1.0
causal,511,0.00014094755169935524,1.0
causal,512,0.00014075949729885906,1.0
causal,513,0.0001405528892064467,1.0
causal,514,0.00014038074004929513,1.0
causal,515,0.00014019798254594207,1.0
causal,516,0.0001400019827997312,1.0
causal,517,0.00013980067160446197,1.0
causal,518,0.0001396443840349093,1.0
causal,519,0.00013945897808298469,1.0
causal,520,0.00013926827523391694,1.0
causal,521,0.00013909611152485013,1.0
causal,522,0.00013892659626435488,1.0
causal,523,0.00013875708100385964,1.0
causal,524,0.00013856902660336345,1.0
causal,525,0.00013835978461429477,1.0
causal,526,0.00013820614549331367,1.0
causal,527,0.00013801279419567436,1.0
causal,528,0.0001378538872813806,1.0
causal,529,0.00013765257608611137,1.0
causal,530,0.000137477763928473,1.0
causal,531,0.0001372897095279768,1.0
causal,532,0.00013713608495891094,1.0
causal,533,0.00013694273366127163,1.0
causal,534,0.00013675731315743178,1.0
causal,535,0.00013660898548550904,1.0
causal,536,0.00013641563418786973,1.0
causal,537,0.00013626730651594698,1.0
causal,538,0.00013607394066639245,1.0
causal,539,0.00013589912850875407,1.0
causal,540,0.00013575081538874656,1.0
causal,541,0.00013557865167967975,1.0
causal,542,0.00013536674669012427,1.0
causal,543,0.0001352131221210584,1.0
causal,544,0.00013503299851436168,1.0
causal,545,0.00013486349780578166,1.0
causal,546,0.0001347019278910011,1.0
causal,547,0.0001345138589385897,1.0
causal,548,0.000134346992126666,1.0
causal,549,0.00013419071910902858,1.0
causal,550,0.00013401061005424708,1.0
causal,551,0.00013385961938183755,1.0
causal,552,0.00013369806401897222,1.0
causal,553,0.00013352058886084706,1.0
causal,554,0.00013335372204892337,1.0
causal,555,0.00013316303375177085,1.0
causal,556,0.00013300144928507507,1.0
causal,557,0.00013282928557600826,1.0
causal,558,0.00013267301255837083,1.0
causal,559,0.00013250877964310348,1.0
causal,560,0.00013233131903689355,1.0
causal,561,0.00013216181832831353,1.0
causal,562,0.0001319896400673315,1.0
causal,563,0.0001318439608439803,1.0
causal,564,0.00013166914868634194,1.0
causal,565,0.00013150226732250303,1.0
causal,566,0.00013134069740772247,1.0
causal,567,0.0001311897358391434,1.0
causal,568,0.0001310520019615069,1.0
causal,569,0.00013086128456052393,1.0
causal,570,0.0001307050115428865,1.0
causal,571,0.00013053549628239125,1.0
causal,572,0.00013037127791903913,1.0
causal,573,0.0001302361924899742,1.0
causal,574,0.0001300534204347059,1.0
causal,575,0.0001298971619689837,1.0
causal,576,0.00012975411664228886,1.0
causal,577,0.00012958460138179362,1.0
causal,578,0.00012942567991558462,1.0
causal,579,0.00012926411000080407,1.0
causal,580,0.00012909722863696516,1.0
causal,581,0.00012894361861981452,1.0
causal,582,0.0001287926424993202,1.0
causal,583,0.00012864696327596903,1.0
causal,584,0.00012849333870690316,1.0
causal,585,0.00012832116044592112,1.0
causal,586,0.00012816753587685525,1.0
causal,587,0.00012801655975636095,1.0
causal,588,0.00012784969294443727,1.0
causal,589,0.0001277093106182292,1.0
causal,590,0.00012754507770296186,1.0
causal,591,0.0001274126407224685,1.0
causal,592,0.00012724312546197325,1.0
causal,593,0.00012708420399576426,1.0
causal,594,0.00012695706391241401,1.0
causal,595,0.00012678754865191877,1.0
causal,596,0.00012662331573665142,1.0
causal,597,0.00012645911192521453,1.0
causal,598,0.0001263293088413775,1.0
causal,599,0.00012617040192708373,1.0
causal,600,0.00012600616901181638,1.0
causal,601,0.00012585254444275051,1.0
causal,602,0.00012570686521939933,1.0
causal,603,0.00012556383444461972,1.0
causal,604,0.00012540756142698228,1.0
causal,605,0.00012527777289506048,1.0
causal,606,0.00012512149987742305,1.0
causal,607,0.00012498641444835812,1.0
causal,608,0.0001248274784302339,1.0
causal,609,0.00012469239300116897,1.0
causal,610,0.00012453611998353153,1.0
causal,611,0.0001243798469658941,1.0
causal,612,0.00012423151929397136,1.0
causal,613,0.00012407524627633393,1.0
causal,614,0.0001239322155015543,1.0
causal,615,0.00012379977852106094,1.0
causal,616,0.0001236302632605657,1.0
causal,617,0.0001234925293829292,1.0
causal,618,0.00012333359336480498,1.0
causal,619,0.00012319587403908372,1.0
causal,620,0.00012303958646953106,1.0
causal,621,0.00012291509483475238,1.0
causal,622,0.00012276676716282964,1.0
causal,623,0.00012259723735041916,1.0
causal,624,0.0001224648003699258,1.0
causal,625,0.00012231648724991828,1.0
causal,626,0.000122176090371795,1.0
causal,627,0.00012203041114844382,1.0
causal,628,0.00012189267727080733,1.0
causal,629,0.00012175229494459927,1.0
causal,630,0.00012162251368863508,1.0
causal,631,0.00012147418601671234,1.0
causal,632,0.00012133114069001749,1.0
causal,633,0.00012118281301809475,1.0
causal,634,0.0001210477203130722,1.0
causal,635,0.00012093647819710895,1.0
causal,636,0.00012077755673089996,1.0
causal,637,0.00012062127643730491,1.0
causal,638,0.00012050208897562698,1.0
causal,639,0.00012035905092488974,1.0
causal,640,0.00012022927694488317,1.0
causal,641,0.00012010211503366008,1.0
causal,642,0.000119951153465081,1.0
causal,643,0.00011980017006862909,1.0
causal,644,0.00011967568570980802,1.0
causal,645,0.00011952470958931372,1.0
causal,646,0.00011940550757572055,1.0
causal,647,0.00011924923455808312,1.0
causal,648,0.00011912473564734682,1.0
causal,649,0.00011896846262970939,1.0
causal,650,0.00011883602564921603,1.0
causal,651,0.00011870358866872266,1.0
causal,652,0.00011858174548251554,1.0
causal,653,0.00011843606625916436,1.0
causal,654,0.00011830627772724256,1.0
causal,655,0.00011816324695246294,1.0
causal,656,0.00011802020890172571,1.0
causal,657,0.00011789572454290465,1.0
causal,658,0.00011775003804359585,1.0
causal,659,0.00011761229689000174,1.0
causal,660,0.00011749840632546693,1.0
causal,661,0.00011733682185877115,1.0
causal,662,0.0001172176343970932,1.0
causal,663,0.00011708254896802828,1.0
causal,664,0.00011696335423039272,1.0
causal,665,0.00011683621414704248,1.0
causal,666,0.0001166984875453636,1.0
causal,667,0.00011656073911581188,1.0
causal,668,0.00011643890320556238,1.0
causal,669,0.00011629851360339671,1.0
causal,670,0.00011616872507147491,1.0
causal,671,0.00011604424071265385,1.0
causal,672,0.00011591444490477443,1.0
causal,673,0.00011576876568142325,1.0
causal,674,0.00011564691521925852,1.0
causal,675,0.00011552772775758058,1.0
causal,676,0.00011539264960447326,1.0
causal,677,0.0001152495970018208,1.0
causal,678,0.00011513835488585755,1.0
causal,679,0.00011501387052703649,1.0
causal,680,0.00011488673044368625,1.0
causal,681,0.00011474899656604975,1.0
causal,682,0.00011462450493127108,1.0
causal,683,0.00011449735757196322,1.0
causal,684,0.00011435962369432673,1.0
causal,685,0.00011424308468122035,1.0
causal,686,0.00011411063314881176,1.0
causal,687,0.00011401263327570632,1.0
causal,688,0.00011388285201974213,1.0
causal,689,0.00011373982124496251,1.0
causal,690,0.00011361267388565466,1.0
causal,691,0.00011346169776516035,1.0
causal,692,0.00011334249575156718,1.0
causal,693,0.00011321005877107382,1.0
causal,694,0.0001130749806179665,1.0
causal,695,0.00011296371667413041,1.0
causal,696,0.00011283658386673778,1.0
causal,697,0.0001127120922319591,1.0
causal,698,0.00011260084284003824,1.0
causal,699,0.00011248164082644507,1.0
causal,700,0.00011235185957048088,1.0
causal,701,0.00011222471221117303,1.0
causal,702,0.00011209492367925122,1.0
causal,703,0.00011196778359590098,1.0
causal,704,0.0001118432919611223,1.0
causal,705,0.00011172409722348675,1.0
causal,706,0.00011163138697156683,1.0
causal,707,0.00011152809020131826,1.0
causal,708,0.00011138505942653865,1.0
causal,709,0.00011125525634270161,1.0
causal,710,0.00011113342043245211,1.0
causal,711,0.00011103012366220355,1.0
causal,712,0.00011090562475146726,1.0
causal,713,0.00011076523514930159,1.0
causal,714,0.00011065134458476678,1.0
causal,715,0.00011052421177737415,1.0
causal,716,0.00011040500248782337,1.0
causal,717,0.00011029640882043168,1.0
causal,718,0.00011016661301255226,1.0
causal,719,0.0001100553636206314,1.0
causal,720,0.00010993882460752502,1.0
causal,721,0.00010982493404299021,1.0
causal,722,0.00010970308358082548,1.0
causal,723,0.0001095706393243745,1.0
causal,724,0.0001094779436243698,1.0
causal,725,0.00010932696022791788,1.0
causal,726,0.00010921835200861096,1.0
causal,727,0.00010909916454693303,1.0
causal,728,0.00010898792243096977,1.0
causal,729,0.00010887930693570524,1.0
causal,730,0.00010875747102545574,1.0
causal,731,0.00010865680815186352,1.0
causal,732,0.00010852437117137015,1.0
causal,733,0.00010839988681254908,1.0
causal,734,0.00010828333324752748,1.0
causal,735,0.00010816678695846349,1.0
causal,736,0.0001080581932910718,1.0
causal,737,0.00010793898400152102,1.0
causal,738,0.00010782244498841465,1.0
causal,739,0.00010771385132102296,1.0
causal,740,0.00010759729775600135,1.0
causal,741,0.00010748339991550893,1.0
causal,742,0.00010736421245383099,1.0
causal,743,0.00010726089385570958,1.0
causal,744,0.00010714700329117477,1.0
causal,745,0.00010701987048378214,1.0
causal,746,0.00010691920761018991,1.0
causal,747,0.00010681591083994135,1.0
causal,748,0.00010669407492969185,1.0
causal,749,0.00010659075633157045,1.0
causal,750,0.00010647156886989251,1.0
causal,751,0.00010634706995915622,1.0
causal,752,0.00010624111746437848,1.0
causal,753,0.00010612987534841523,1.0
causal,754,0.00010603186092339456,1.0
causal,755,0.00010591267346171662,1.0
causal,756,0.00010578818910289556,1.0
causal,757,0.00010568488505668938,1.0
causal,758,0.00010558687790762633,1.0
causal,759,0.0001054650274454616,1.0
causal,760,0.00010534848115639761,1.0
causal,761,0.00010523723904043436,1.0
causal,762,0.0001051233266480267,1.0
causal,763,0.00010501208453206345,1.0
causal,764,0.00010491142893442884,1.0
causal,765,0.00010479753109393641,1.0
causal,766,0.00010470482084201649,1.0
causal,767,0.00010458297037985176,1.0
causal,768,0.0001044584860210307,1.0
causal,769,0.00010436577576911077,1.0
causal,770,0.00010427572124172002,1.0
causal,771,0.00010412738629383966,1.0
causal,772,0.00010403466876596212,1.0
causal,773,0.00010392873082309961,1.0
causal,774,0.000103828075225465,1.0
causal,775,0.00010372477117925882,1.0
causal,776,0.00010358438885305077,1.0
causal,777,0.0001034784218063578,1.0
causal,778,0.00010337778076063842,1.0
causal,779,0.00010327181371394545,1.0
causal,780,0.0001031605715979822,1.0
causal,781,0.00010305726755177602,1.0
causal,782,0.00010294601815985516,1.0
causal,783,0.00010284801828674972,1.0
causal,784,0.00010272880899719894,1.0
causal,785,0.0001026387617457658,1.0
causal,786,0.00010253280925098807,1.0
causal,787,0.00010242685675621033,1.0
causal,788,0.0001023129589157179,1.0
causal,789,0.00010222819400951266,1.0
causal,790,0.00010212753841187805,1.0
causal,791,0.00010200835095020011,1.0
causal,792,0.00010188650048803538,1.0
causal,793,0.00010179644596064463,1.0
causal,794,0.00010168784501729533,1.0
causal,795,0.00010158188524655998,1.0
causal,796,0.00010148388537345454,1.0
causal,797,0.00010138058132724836,1.0
causal,798,0.00010127993300557137,1.0
causal,799,0.00010115543409483507,1.0
causal,800,0.00010104683315148577,1.0
