Dialogue,Reference summary,Baseline,LoRA r=4,LoRA r=16
"#Person1#: Ms. Dawson, I need you to take a dictation for me.
#Person2#: Yes, sir...
#Person1#: This should go out as an intra-office memorandum to all employees by this afternoon. Are you ready?
#Person2#: Yes, sir. Go ahead.
#Person1#: Attention all staff... Effective immediately, all office communications are restricted to email correspondence and official memos. The use of Instant Message programs by employees during working hours is strictly prohibited.
#Person2#: Sir, does this apply to intra-office communications only? Or will it also restrict external communications?
#Person1#: It should apply to all communications, not only in this office between employees, but also any outside communications.
#Person2#: But sir, many employees use Instant Messaging to communicate with their clients.
#Person1#: They will just have to change their communication methods. I don't want any - one using Instant Messaging in this office. It wastes too much time! Now, please continue with the memo. Where were we?
#Person2#: This applies to internal and external communications.
#Person1#: Yes. Any employee who persists in using Instant Messaging will first receive a warning and be placed on probation. At second offense, the employee will face termination. Any questions regarding this new policy may be directed to department heads.
#Person2#: Is that all?
#Person1#: Yes. Please get this memo typed up and distributed to all employees before 4 pm.",Ms. Dawson helps #Person1# to write a memo to inform every employee that they have to change the communication method and should not use Instant Messaging anymore.,"#Person2#: Thank you, sir.",#Person1# will take a dictation for #Person2#.,#Person1# is ready to take a dictation for #Person2#. #Person2# is ready to take a dictation for #Person2#. #Person1# is ready to take a dictation for #Person2#.
"#Person1#: You're finally here! What took so long?
#Person2#: I got stuck in traffic again. There was a terrible traffic jam near the Carrefour intersection.
#Person1#: It's always rather congested down there during rush hour. Maybe you should try to find a different route to get home.
#Person2#: I don't think it can be avoided, to be honest.
#Person1#: perhaps it would be better if you started taking public transport system to work.
#Person2#: I think it's something that I'll have to consider. The public transport system is pretty good.
#Person1#: It would be better for the environment, too.
#Person2#: I know. I feel bad about how much my car is adding to the pollution problem in this city.
#Person1#: Taking the subway would be a lot less stressful than driving as well.
#Person2#: The only problem is that I'm going to really miss having the freedom that you have with a car.
#Person1#: Well, when it's nicer outside, you can start biking to work. That will give you just as much freedom as your car usually provides.
#Person2#: That's true. I could certainly use the exercise!
#Person1#: So, are you going to quit driving to work then?
#Person2#: Yes, it's not good for me or for the environment.",#Person2# arrives late because of traffic jam. #Person1# persuades #Person2# to use public transportations to keep healthy and to protect the environment.,Taking the subway would be a lot less stressful than driving.,#Person1# got stuck in traffic again. #Person2# thinks it would be better if she started taking public transport system to work. #Person2# thinks it would be better if she started biking to work.,#Person1# got stuck in traffic again. #Person2# thinks it would be better if she started taking public transport system to work. #Person2# thinks it would be better if she started biking to work.
