loss,grad_norm,learning_rate,epoch,step,rank,train_runtime,train_samples_per_second,train_steps_per_second,total_flos,train_loss,eval_loss,eval_runtime,eval_samples_per_second,eval_steps_per_second
0.0,,0.0002,0.02,1,4,,,,,,,,,
0.0,,0.000182,0.2,10,4,,,,,,,,,
0.0,,0.000162,0.4,20,4,,,,,,,,,
0.0,,0.000142,0.6,30,4,,,,,,,,,
0.0,,0.000122,0.8,40,4,,,,,,,,,
0.0,,0.00010200000000000001,1.0,50,4,,,,,,,,,
0.0,,8.2e-05,1.2,60,4,,,,,,,,,
0.0,,6.2e-05,1.4,70,4,,,,,,,,,
0.0,,4.2e-05,1.6,80,4,,,,,,,,,
0.0,,2.2000000000000003e-05,1.8,90,4,,,,,,,,,
0.0,,2.0000000000000003e-06,2.0,100,4,,,,,,,,,
,,,2.0,100,4,66.8786,23.924,1.495,203773429579776.0,0.0,,,,
,,,2.0,100,4,,,,,,,2.3289,42.938,5.582
0.0,,0.0002,0.02,1,16,,,,,,,,,
0.0,,0.000182,0.2,10,16,,,,,,,,,
0.0,,0.000162,0.4,20,16,,,,,,,,,
0.0,,0.000142,0.6,30,16,,,,,,,,,
0.0,,0.000122,0.8,40,16,,,,,,,,,
0.0,,0.00010200000000000001,1.0,50,16,,,,,,,,,
0.0,,8.2e-05,1.2,60,16,,,,,,,,,
0.0,,6.2e-05,1.4,70,16,,,,,,,,,
0.0,,4.2e-05,1.6,80,16,,,,,,,,,
0.0,,2.2000000000000003e-05,1.8,90,16,,,,,,,,,
0.0,,2.0000000000000003e-06,2.0,100,16,,,,,,,,,
,,,2.0,100,16,49.4324,32.367,2.023,205506471690240.0,0.0,,,,
,,,2.0,100,16,,,,,,,0.6836,146.277,19.016
